hexagone_2,132,121,87,93,1_Hexagone2.jpg,320,240
hexagone_2,161,98,63,60,2_Hexagone2.jpg,320,240
hexagone_2,132,68,57,59,3_Hexagone2.jpg,320,240
hexagone_2,75,131,25,23,4_Hexagone2.jpg,320,240
hexagone_2,225,119,75,71,5_Hexagone2.jpg,320,240
hexagone_2,228,111,47,47,6_Hexagone2.jpg,320,240
hexagone_2,23,112,103,89,7_Hexagone2.jpg,320,240
hexagone_2,208,104,40,41,8_Hexagone2.jpg,320,240
hexagone_2,171,104,130,116,9_Hexagone2.jpg,320,240
hexagone_2,120,120,50,52,10_Hexagone2.jpg,320,240
hexagone_2,157,104,74,65,11_Hexagone2.jpg,320,240
hexagone_2,254,52,34,33,12_Hexagone2.jpg,320,240
hexagone_2,137,86,50,52,13_Hexagone2.jpg,320,240
hexagone_2,73,73,131,127,14_Hexagone2.jpg,320,240
hexagone_2,48,101,51,53,15_Hexagone2.jpg,320,240
hexagone_2,0,81,120,137,16_Hexagone2.jpg,320,240
hexagone_2,31,150,63,60,17_Hexagone2.jpg,320,240
hexagone_2,201,80,119,146,18_Hexagone2.jpg,320,240
hexagone_2,116,66,33,49,19_Hexagone2.jpg,320,240
hexagone_2,118,43,67,65,20_Hexagone2.jpg,320,240
hexagone_2,152,81,48,51,21_Hexagone2.jpg,320,240
hexagone_2,68,39,82,81,22_Hexagone2.jpg,320,240
hexagone_2,134,101,41,54,23_Hexagone2.jpg,320,240
hexagone_2,109,45,73,68,24_Hexagone2.jpg,320,240
hexagone_2,129,106,36,47,25_Hexagone2.jpg,320,240
hexagone_2,128,45,68,65,26_Hexagone2.jpg,320,240
hexagone_2,186,57,28,23,27_Hexagone2.jpg,320,240
hexagone_2,130,8,54,57,28_Hexagone2.jpg,320,240
hexagone_2,37,99,61,55,29_Hexagone2.jpg,320,240
hexagone_2,67,95,101,104,30_Hexagone2.jpg,320,240
hexagone_2,117,45,64,62,31_Hexagone2.jpg,320,240
hexagone_2,98,63,121,118,32_Hexagone2.jpg,320,240
hexagone_2,115,53,43,41,33_Hexagone2.jpg,320,240
hexagone_2,116,14,119,120,34_Hexagone2.jpg,320,240
hexagone_2,20,53,74,72,35_Hexagone2.jpg,320,240
hexagone_2,85,87,35,37,36_Hexagone2.jpg,320,240
hexagone_2,170,55,73,71,37_Hexagone2.jpg,320,240
hexagone_2,135,86,49,50,38_Hexagone2.jpg,320,240
hexagone_2,13,60,73,69,39_Hexagone2.jpg,320,240
hexagone_2,177,129,66,62,40_Hexagone2.jpg,320,240
hexagone_2,15,56,60,62,41_Hexagone2.jpg,320,240
hexagone_2,198,91,75,70,42_Hexagone2.jpg,320,240
hexagone_2,21,34,90,79,43_Hexagone2.jpg,320,240
hexagone_2,78,152,51,51,44_Hexagone2.jpg,320,240
hexagone_2,242,217,117,119,45_Hexagone2.jpg,728,573
hexagone_2,249,147,136,123,46_Hexagone2.jpg,640,480
hexagone_2,189,57,23,23,47_Hexagone2.jpg,320,240
hexagone_2,79,121,65,61,48_Hexagone2.jpg,320,240
hexagone_2,251,112,38,43,49_Hexagone2.jpg,320,240
hexagone_2,115,134,52,55,51_Hexagone2.jpg,320,240
hexagone_2,219,98,84,73,52_Hexagone2.jpg,320,240
hexagone_2,127,128,56,58,53_Hexagone2.jpg,320,240
hexagone_2,220,121,65,66,54_Hexagone2.jpg,320,240
hexagone_2,132,86,54,51,55_Hexagone2.jpg,320,240
hexagone_2,105,134,34,33,56_Hexagone2.jpg,320,240
hexagone_2,151,119,63,61,57_Hexagone2.jpg,320,240
hexagone_2,103,42,55,56,58_Hexagone2.jpg,320,240
hexagone_2,138,44,50,54,59_Hexagone2.jpg,320,240
hexagone_2,58,121,87,91,60_Hexagone2.jpg,320,240
hexagone_2,218,97,83,76,61_Hexagone2.jpg,320,240
hexagone_2,255,112,48,53,62_Hexagone2.jpg,320,240
hexagone_2,143,43,49,52,63_Hexagone2.jpg,320,240
hexagone_2,99,43,72,70,64_Hexagone2.jpg,320,240
hexagone_2,93,45,38,42,65_Hexagone2.jpg,320,240
hexagone_2,117,43,49,50,66_Hexagone2.jpg,320,240
hexagone_2,119,44,45,53,67_Hexagone2.jpg,320,240
hexagone_2,120,40,70,88,68_Hexagone2.jpg,320,240
hexagone_2,107,45,89,84,69_Hexagone2.jpg,320,240
hexagone_2,98,46,86,82,70_Hexagone2.jpg,320,240
hexagone_2,108,44,74,84,71_Hexagone2.jpg,320,240
hexagone_2,150,41,59,57,72_Hexagone2.jpg,320,240
hexagone_2,84,40,32,32,73_Hexagone2.jpg,320,240
hexagone_2,219,89,83,77,74_Hexagone2.jpg,320,240
hexagone_2,129,107,36,39,75_Hexagone2.jpg,320,240
hexagone_2,152,135,61,59,76_Hexagone2.jpg,320,240
hexagone_2,55,134,59,60,77_Hexagone2.jpg,320,240
hexagone_2,177,133,55,55,78_Hexagone2.jpg,320,240
hexagone_2,38,135,61,55,79_Hexagone2.jpg,320,240
hexagone_2,101,134,62,63,80_Hexagone2.jpg,320,240
hexagone_2,107,135,61,62,81_Hexagone2.jpg,320,240
hexagone_2,83,140,84,95,82_Hexagone2.jpg,320,240
hexagone_2,151,134,53,55,83_Hexagone2.jpg,320,240
hexagone_2,72,135,65,60,84_Hexagone2.jpg,320,240
hexagone_2,119,134,68,63,85_Hexagone2.jpg,320,240
hexagone_2,87,124,84,87,86_Hexagone2.jpg,320,240
hexagone_2,73,103,132,129,87_Hexagone2.jpg,320,240
hexagone_2,261,128,48,51,88_Hexagone2.jpg,320,240
hexagone_2,130,133,56,64,89_Hexagone2.jpg,320,240
hexagone_2,190,133,61,56,90_Hexagone2.jpg,320,240
hexagone_2,111,131,52,54,91_Hexagone2.jpg,320,240
hexagone_2,45,132,56,59,92_Hexagone2.jpg,320,240
hexagone_2,121,129,52,51,93_Hexagone2.jpg,320,240
hexagone_2,139,138,45,53,94_Hexagone2.jpg,320,240
hexagone_2,138,48,45,53,95_Hexagone2.jpg,320,240
hexagone_2,60,51,104,91,96_Hexagone2.jpg,320,240
hexagone_2,108,44,83,98,97_Hexagone2.jpg,320,240
hexagone_2,69,45,117,126,98_Hexagone2.jpg,320,240
hexagone_2,92,124,86,89,99_Hexagone2.jpg,320,240
hexagone_2,126,146,51,51,100_Hexagone2.jpg,320,240
hexagone_2,234,113,67,63,101_Hexagone2.jpg,320,240
hexagone_2,88,45,131,144,102_Hexagone2.jpg,320,240
hexagone_2,77,45,118,113,103_Hexagone2.jpg,320,240
hexagone_2,114,50,88,99,104_Hexagone2.jpg,320,240
hexagone_2,60,48,115,114,105_Hexagone2.jpg,320,240
hexagone_2,84,46,100,98,106_Hexagone2.jpg,320,240
hexagone_2,108,46,99,104,107_Hexagone2.jpg,320,240
hexagone_2,153,52,50,54,108_Hexagone2.jpg,320,240
hexagone_2,153,168,54,60,109_Hexagone2.jpg,320,240
hexagone_2,118,166,53,54,110_Hexagone2.jpg,320,240
hexagone_2,170,164,60,58,111_Hexagone2.jpg,320,240
hexagone_2,91,124,88,89,112_Hexagone2.jpg,320,240
hexagone_2,83,102,56,54,113_Hexagone2.jpg,320,240
hexagone_2,149,108,42,41,114_Hexagone2.jpg,320,240
hexagone_2,133,164,42,50,115_Hexagone2.jpg,320,240
hexagone_2,111,163,42,41,116_Hexagone2.jpg,320,240
hexagone_2,31,164,53,55,117_Hexagone2.jpg,320,240
hexagone_2,84,165,53,57,118_Hexagone2.jpg,320,240
hexagone_2,110,163,43,43,119_Hexagone2.jpg,320,240
hexagone_2,148,161,38,41,120_Hexagone2.jpg,320,240
hexagone_2,45,168,66,64,121_Hexagone2.jpg,320,240
hexagone_2,104,40,43,41,123_Hexagone2.jpg,320,240
hexagone_2,124,37,83,84,124_Hexagone2.jpg,320,240
hexagone_2,69,120,89,90,125_Hexagone2.jpg,320,240
hexagone_2,216,91,86,75,126_Hexagone2.jpg,320,240
hexagone_2,224,95,35,39,127_Hexagone2.jpg,320,240
hexagone_2,117,39,67,65,128_Hexagone2.jpg,320,240
hexagone_2,111,38,57,60,129_Hexagone2.jpg,320,240
hexagone_2,219,40,77,75,130_Hexagone2.jpg,320,240
hexagone_2,96,37,91,88,131_Hexagone2.jpg,320,240
hexagone_2,90,38,94,103,132_Hexagone2.jpg,320,240
hexagone_2,171,114,27,25,133_Hexagone2.jpg,320,240
hexagone_2,193,174,62,66,134_Hexagone2.jpg,320,240
hexagone_2,203,115,108,109,135_Hexagone2.jpg,320,240
hexagone_2,143,72,27,27,136_Hexagone2.jpg,320,240
hexagone_2,116,173,70,67,137_Hexagone2.jpg,320,240
hexagone_2,69,121,88,86,138_Hexagone2.jpg,320,240
hexagone_2,114,72,79,77,139_Hexagone2.jpg,320,240
hexagone_2,184,133,55,54,140_Hexagone2.jpg,320,240
hexagone_2,207,114,104,105,141_Hexagone2.jpg,320,240
hexagone_2,122,155,61,61,142_Hexagone2.jpg,320,240
hexagone_2,169,144,144,95,143_Hexagone2.jpg,320,240
hexagone_2,158,160,78,77,144_Hexagone2.jpg,320,240
hexagone_2,171,144,143,96,145_Hexagone2.jpg,320,240
hexagone_2,69,161,79,79,146_Hexagone2.jpg,320,240
hexagone_2,126,163,91,77,147_Hexagone2.jpg,320,240
hexagone_2,62,141,45,39,148_Hexagone2.jpg,320,240
hexagone_2,57,136,68,68,149_Hexagone2.jpg,320,240
hexagone_2,161,119,53,50,150_Hexagone2.jpg,320,240
hexagone_2,182,125,88,88,151_Hexagone2.jpg,320,240
hexagone_2,167,81,55,52,152_Hexagone2.jpg,320,240
hexagone_2,96,120,57,54,153_Hexagone2.jpg,320,240
hexagone_2,87,125,85,91,154_Hexagone2.jpg,320,240
hexagone_2,154,149,61,62,155_Hexagone2.jpg,320,240
hexagone_2,185,131,75,68,156_Hexagone2.jpg,320,240
hexagone_2,89,126,83,87,157_Hexagone2.jpg,320,240
hexagone_2,103,118,40,39,158_Hexagone2.jpg,320,240
hexagone_2,238,122,41,40,159_Hexagone2.jpg,320,240
hexagone_2,123,125,86,92,160_Hexagone2.jpg,320,240
hexagone_2,166,81,53,50,161_Hexagone2.jpg,320,240
hexagone_2,82,110,57,51,162_Hexagone2.jpg,320,240
hexagone_2,141,106,32,31,163_Hexagone2.jpg,320,240
hexagone_2,137,87,50,51,164_Hexagone2.jpg,320,240
hexagone_2,194,119,56,54,165_Hexagone2.jpg,320,240
hexagone_2,205,139,32,34,166_Hexagone2.jpg,320,240
hexagone_2,191,84,52,53,167_Hexagone2.jpg,320,240
hexagone_2,212,126,44,45,168_Hexagone2.jpg,320,240
hexagone_2,181,114,42,40,169_Hexagone2.jpg,320,240
hexagone_2,165,80,55,53,170_Hexagone2.jpg,320,240
hexagone_2,151,115,65,63,171_Hexagone2.jpg,320,240
hexagone_2,236,72,21,21,172_Hexagone2.jpg,320,240
hexagone_2,189,89,52,51,173_Hexagone2.jpg,320,240
hexagone_2,145,108,35,42,174_Hexagone2.jpg,320,240
hexagone_2,136,120,38,40,175_Hexagone2.jpg,320,240
hexagone_2,92,134,68,66,176_Hexagone2.jpg,320,240
hexagone_2,144,78,52,53,177_Hexagone2.jpg,320,240
hexagone_2,113,131,64,60,178_Hexagone2.jpg,320,240
hexagone_2,64,140,41,40,179_Hexagone2.jpg,320,240
hexagone_2,25,100,77,79,180_Hexagone2.jpg,320,240
hexagone_2,230,67,37,36,181_Hexagone2.jpg,320,240
hexagone_2,146,81,51,48,182_Hexagone2.jpg,320,240
hexagone_2,42,117,63,57,183_Hexagone2.jpg,320,240
hexagone_2,45,139,94,96,184_Hexagone2.jpg,320,240
hexagone_2,90,107,123,114,185_Hexagone2.jpg,320,240
hexagone_2,46,140,94,93,186_Hexagone2.jpg,320,240
hexagone_2,16,116,64,59,187_Hexagone2.jpg,320,240
hexagone_2,119,112,57,56,188_Hexagone2.jpg,320,240
hexagone_2,131,120,37,41,189_Hexagone2.jpg,320,240
hexagone_2,140,111,55,56,190_Hexagone2.jpg,320,240
hexagone_2,92,113,137,122,191_Hexagone2.jpg,320,240
hexagone_2,132,160,46,49,192_Hexagone2.jpg,320,240
hexagone_2,196,114,55,54,193_Hexagone2.jpg,320,240
hexagone_2,91,95,124,118,194_Hexagone2.jpg,320,240
hexagone_2,203,124,51,54,195_Hexagone2.jpg,320,240
hexagone_2,179,71,49,48,196_Hexagone2.jpg,320,240
hexagone_2,232,120,48,49,197_Hexagone2.jpg,320,240
hexagone_2,158,92,82,76,198_Hexagone2.jpg,320,240
hexagone_2,219,115,41,41,199_Hexagone2.jpg,320,240
hexagone_2,155,93,83,73,200_Hexagone2.jpg,320,240
hexagone_2,64,117,63,56,201_Hexagone2.jpg,320,240
hexagone_2,92,123,86,87,202_Hexagone2.jpg,320,240
hexagone_2,111,118,43,43,203_Hexagone2.jpg,320,240
hexagone_2,186,117,45,39,204_Hexagone2.jpg,320,240
hexagone_2,136,117,37,35,205_Hexagone2.jpg,320,240
hexagone_2,151,126,42,40,206_Hexagone2.jpg,320,240
hexagone_2,120,45,112,102,207_Hexagone2.jpg,320,240
hexagone_2,189,137,89,86,208_Hexagone2.jpg,320,240
hexagone_2,144,122,58,54,209_Hexagone2.jpg,320,240
hexagone_2,39,155,86,77,210_Hexagone2.jpg,320,240
hexagone_2,120,119,58,56,211_Hexagone2.jpg,320,240
hexagone_2,133,97,113,108,212_Hexagone2.jpg,320,240
hexagone_2,121,119,55,58,213_Hexagone2.jpg,320,240
hexagone_2,191,131,68,61,214_Hexagone2.jpg,320,240
hexagone_2,118,120,54,55,215_Hexagone2.jpg,320,240
hexagone_2,87,110,47,45,216_Hexagone2.jpg,320,240
hexagone_2,146,122,57,55,217_Hexagone2.jpg,320,240
hexagone_2,210,117,41,39,218_Hexagone2.jpg,320,240
hexagone_2,135,121,33,37,219_Hexagone2.jpg,320,240
hexagone_2,127,140,90,92,220_Hexagone2.jpg,320,240
hexagone_2,179,84,48,47,221_Hexagone2.jpg,320,240
hexagone_2,43,141,73,70,222_Hexagone2.jpg,320,240
hexagone_2,124,151,40,41,223_Hexagone2.jpg,320,240
hexagone_2,172,117,53,54,224_Hexagone2.jpg,320,240
hexagone_2,89,126,83,87,225_Hexagone2.jpg,320,240
hexagone_2,181,86,95,87,226_Hexagone2.jpg,320,240
hexagone_2,248,68,35,33,227_Hexagone2.jpg,320,240
hexagone_2,210,147,83,86,228_Hexagone2.jpg,320,240
hexagone_2,174,122,56,55,229_Hexagone2.jpg,320,240
hexagone_2,96,118,32,31,230_Hexagone2.jpg,320,240
hexagone_2,40,137,60,56,231_Hexagone2.jpg,320,240
hexagone_2,188,114,38,38,232_Hexagone2.jpg,320,240
hexagone_2,174,134,55,51,233_Hexagone2.jpg,320,240
hexagone_2,139,116,39,39,234_Hexagone2.jpg,320,240
hexagone_2,208,96,41,39,235_Hexagone2.jpg,320,240
hexagone_2,135,5,50,49,236_Hexagone2.jpg,320,240
hexagone_2,97,111,44,46,237_Hexagone2.jpg,320,240
hexagone_2,146,39,57,59,238_Hexagone2.jpg,320,240
hexagone_2,234,117,60,57,239_Hexagone2.jpg,320,240
hexagone_2,277,269,77,79,240_Hexagone2.jpg,640,480
hexagone_2,250,73,48,45,241_Hexagone2.jpg,320,240
hexagone_2,165,33,80,81,242_Hexagone2.jpg,320,240
hexagone_2,126,133,54,54,243_Hexagone2.jpg,320,240
hexagone_2,119,25,60,60,244_Hexagone2.jpg,320,240
hexagone_2,224,124,45,48,245_Hexagone2.jpg,320,240
hexagone_2,172,84,49,48,246_Hexagone2.jpg,320,240
hexagone_2,214,120,57,58,247_Hexagone2.jpg,320,240
hexagone_2,75,43,35,33,248_Hexagone2.jpg,320,240
hexagone_2,161,98,61,62,249_Hexagone2.jpg,320,240
hexagone_2,146,126,49,53,250_Hexagone2.jpg,320,240
hexagone_2,120,30,118,112,251_Hexagone2.jpg,320,240
hexagone_2,188,117,42,40,252_Hexagone2.jpg,320,240
hexagone_2,126,38,85,82,253_Hexagone2.jpg,320,240
hexagone_2,218,108,85,76,254_Hexagone2.jpg,320,240
hexagone_2,100,14,97,96,255_Hexagone2.jpg,320,240
hexagone_2,63,108,55,60,256_Hexagone2.jpg,320,240
hexagone_2,112,20,82,80,257_Hexagone2.jpg,320,240
hexagone_2,188,134,86,82,258_Hexagone2.jpg,320,240
hexagone_2,132,161,45,48,259_Hexagone2.jpg,320,240
hexagone_2,147,119,56,54,260_Hexagone2.jpg,320,240
hexagone_2,131,11,42,41,261_Hexagone2.jpg,320,240
hexagone_2,164,119,57,56,262_Hexagone2.jpg,320,240
hexagone_2,137,71,79,68,263_Hexagone2.jpg,320,240
hexagone_2,51,134,63,56,264_Hexagone2.jpg,320,240
hexagone_2,121,37,75,71,265_Hexagone2.jpg,320,240
hexagone_2,198,15,114,110,266_Hexagone2.jpg,320,240
hexagone_2,314,154,75,73,267_Hexagone2.jpg,642,483
hexagone_2,41,104,63,55,268_Hexagone2.jpg,320,240
hexagone_2,120,35,75,75,269_Hexagone2.jpg,320,240
hexagone_2,215,96,43,43,270_Hexagone2.jpg,320,240
hexagone_2,20,51,30,28,271_Hexagone2.jpg,320,240
hexagone_2,41,118,68,66,272_Hexagone2.jpg,320,240
hexagone_2,209,105,37,41,273_Hexagone2.jpg,320,240
hexagone_2,166,84,57,52,274_Hexagone2.jpg,320,240
hexagone_2,218,120,56,52,275_Hexagone2.jpg,320,240
hexagone_2,145,19,110,101,276_Hexagone2.jpg,320,240
hexagone_2,91,14,115,114,277_Hexagone2.jpg,320,240
hexagone_2,85,38,96,103,278_Hexagone2.jpg,320,240
hexagone_2,113,133,56,54,279_Hexagone2.jpg,320,240
hexagone_2,108,0,151,95,280_Hexagone2.jpg,320,240
hexagone_2,201,106,42,42,281_Hexagone2.jpg,320,240
hexagone_2,79,40,107,105,282_Hexagone2.jpg,320,240
hexagone_2,247,105,44,46,283_Hexagone2.jpg,320,240
hexagone_2,107,39,83,87,284_Hexagone2.jpg,320,240
hexagone_2,109,117,59,61,285_Hexagone2.jpg,320,240
hexagone_2,93,3,136,122,286_Hexagone2.jpg,320,240
hexagone_2,267,63,52,48,287_Hexagone2.jpg,320,240
hexagone_2,166,52,25,24,288_Hexagone2.jpg,320,240
hexagone_2,220,109,45,46,289_Hexagone2.jpg,320,240
hexagone_2,62,140,78,69,290_Hexagone2.jpg,320,240
hexagone_2,156,141,61,68,291_Hexagone2.jpg,320,240
hexagone_2,115,110,40,41,292_Hexagone2.jpg,320,240
hexagone_2,197,123,53,51,293_Hexagone2.jpg,320,240
hexagone_2,64,149,24,23,294_Hexagone2.jpg,320,240
hexagone_2,133,10,41,42,295_Hexagone2.jpg,320,240
hexagone_2,84,116,58,56,296_Hexagone2.jpg,320,240
hexagone_2,1285,2434,464,449,297_Hexagone2.jpg,3024,4032
hexagone_2,93,116,51,53,298_Hexagone2.jpg,320,240
hexagone_2,150,82,55,55,299_Hexagone2.jpg,320,240
hexagone_2,177,64,55,52,300_Hexagone2.jpg,320,240
hexagone_2,289,31,22,20,301_Hexagone2.jpg,320,240
hexagone_2,247,143,73,71,302_Hexagone2.jpg,320,240
hexagone_2,137,13,61,62,303_Hexagone2.jpg,320,240
hexagone_2,45,109,60,55,304_Hexagone2.jpg,320,240
hexagone_2,37,45,25,23,305_Hexagone2.jpg,320,240
hexagone_2,175,108,56,52,306_Hexagone2.jpg,320,240
hexagone_2,135,4,38,38,307_Hexagone2.jpg,320,240
hexagone_2,261,124,52,50,308_Hexagone2.jpg,320,240
hexagone_2,50,46,22,22,309_Hexagone2.jpg,320,240
hexagone_2,213,121,42,43,310_Hexagone2.jpg,320,240
hexagone_2,217,43,21,20,311_Hexagone2.jpg,320,240
hexagone_2,173,117,56,58,312_Hexagone2.jpg,320,240
hexagone_2,87,34,50,46,313_Hexagone2.jpg,320,240
hexagone_2,135,115,43,42,314_Hexagone2.jpg,320,240
hexagone_2,160,160,158,80,315_Hexagone2.jpg,320,240
hexagone_2,174,121,56,56,316_Hexagone2.jpg,320,240
hexagone_2,64,148,23,24,317_Hexagone2.jpg,320,240
hexagone_2,81,121,61,60,318_Hexagone2.jpg,320,240
hexagone_2,161,131,56,55,319_Hexagone2.jpg,320,240
hexagone_2,101,75,51,49,320_Hexagone2.jpg,320,240
hexagone_2,207,147,87,84,322_Hexagone2.jpg,320,240
hexagone_2,256,115,46,46,323_Hexagone2.jpg,320,240
hexagone_2,121,38,77,73,324_Hexagone2.jpg,320,240
hexagone_2,158,116,57,55,325_Hexagone2.jpg,320,240
hexagone_2,162,109,53,58,326_Hexagone2.jpg,320,240
hexagone_2,195,135,55,52,327_Hexagone2.jpg,320,240
hexagone_2,208,113,39,41,329_Hexagone2.jpg,320,240
hexagone_2,134,31,36,35,330_Hexagone2.jpg,320,240
hexagone_2,71,117,68,64,331_Hexagone2.jpg,320,240
hexagone_2,126,126,92,89,332_Hexagone2.jpg,320,240
hexagone_2,113,60,43,40,333_Hexagone2.jpg,320,240
hexagone_2,104,136,130,103,334_Hexagone2.jpg,320,240
hexagone_2,188,105,43,41,335_Hexagone2.jpg,320,240
hexagone_2,102,133,118,105,336_Hexagone2.jpg,320,240
hexagone_2,128,150,79,78,337_Hexagone2.jpg,320,240
hexagone_2,43,62,56,62,338_Hexagone2.jpg,320,240
hexagone_2,265,103,49,49,339_Hexagone2.jpg,320,240
hexagone_3,223,128,60,54,1_Hexagone3.jpg,320,240
hexagone_3,85,135,62,60,2_Hexagone3.jpg,320,240
hexagone_3,226,52,75,74,3_Hexagone3.jpg,320,240
hexagone_3,245,85,48,45,4_Hexagone3.jpg,320,240
hexagone_3,94,18,97,102,5_Hexagone3.jpg,320,240
hexagone_3,113,108,39,40,6_Hexagone3.jpg,320,240
hexagone_3,137,122,64,64,7_Hexagone3.jpg,320,240
hexagone_3,52,18,74,76,8_Hexagone3.jpg,320,240
hexagone_3,96,29,101,96,9_Hexagone3.jpg,320,240
hexagone_3,111,5,83,90,10_Hexagone3.jpg,320,240
hexagone_3,113,25,91,88,11_Hexagone3.jpg,320,240
hexagone_3,54,30,81,87,12_Hexagone3.jpg,320,240
hexagone_3,61,32,77,79,13_Hexagone3.jpg,320,240
hexagone_3,202,48,26,26,14_Hexagone3.jpg,320,240
hexagone_3,27,34,85,82,15_Hexagone3.jpg,320,240
hexagone_3,167,10,110,112,16_Hexagone3.jpg,320,240
hexagone_3,245,86,47,44,17_Hexagone3.jpg,320,240
hexagone_3,77,99,22,21,18_Hexagone3.jpg,320,240
hexagone_3,100,126,44,45,19_Hexagone3.jpg,320,240
hexagone_3,52,34,83,82,20_Hexagone3.jpg,320,240
hexagone_3,55,28,81,78,21_Hexagone3.jpg,320,240
hexagone_3,114,154,44,44,22_Hexagone3.jpg,320,240
hexagone_3,70,46,61,60,23_Hexagone3.jpg,320,240
hexagone_3,79,26,90,87,24_Hexagone3.jpg,320,240
hexagone_3,181,12,113,114,25_Hexagone3.jpg,320,240
hexagone_3,113,33,83,79,26_Hexagone3.jpg,320,240
hexagone_3,75,44,81,79,27_Hexagone3.jpg,320,240
hexagone_3,205,56,26,26,28_Hexagone3.jpg,320,240
hexagone_3,73,27,93,93,29_Hexagone3.jpg,320,240
hexagone_3,248,87,46,40,30_Hexagone3.jpg,320,240
hexagone_3,60,37,72,78,31_Hexagone3.jpg,320,240
hexagone_3,98,125,42,43,32_Hexagone3.jpg,320,240
hexagone_3,28,24,83,80,33_Hexagone3.jpg,320,240
hexagone_3,60,0,111,109,34_Hexagone3.jpg,320,240
hexagone_3,100,35,81,78,35_Hexagone3.jpg,320,240
hexagone_3,101,25,91,93,36_Hexagone3.jpg,320,240
hexagone_3,134,20,98,98,37_Hexagone3.jpg,320,240
hexagone_3,163,73,118,129,38_Hexagone3.jpg,320,240
hexagone_3,12,0,113,112,39_Hexagone3.jpg,320,240
hexagone_3,56,28,81,75,40_Hexagone3.jpg,320,240
hexagone_3,83,2,83,87,41_Hexagone3.jpg,320,240
hexagone_3,104,16,87,84,42_Hexagone3.jpg,320,240
hexagone_3,2,137,51,43,43_Hexagone3.jpg,320,240
hexagone_3,95,29,90,87,44_Hexagone3.jpg,320,240
hexagone_3,17,98,114,109,45_Hexagone3.jpg,320,240
hexagone_3,58,14,100,99,46_Hexagone3.jpg,320,240
hexagone_3,107,23,97,97,47_Hexagone3.jpg,320,240
hexagone_3,84,31,92,87,48_Hexagone3.jpg,320,240
hexagone_3,3,32,83,75,49_Hexagone3.jpg,320,240
hexagone_3,147,32,102,99,50_Hexagone3.jpg,320,240
hexagone_3,97,27,92,88,51_Hexagone3.jpg,320,240
hexagone_3,129,1,118,114,52_Hexagone3.jpg,320,240
hexagone_3,101,110,40,49,53_Hexagone3.jpg,320,240
hexagone_3,158,9,113,117,54_Hexagone3.jpg,320,240
hexagone_3,35,37,81,73,55_Hexagone3.jpg,320,240
hexagone_3,3,139,45,42,56_Hexagone3.jpg,320,240
hexagone_3,120,9,115,115,57_Hexagone3.jpg,320,240
hexagone_3,128,96,42,40,58_Hexagone3.jpg,320,240
hexagone_3,75,41,23,24,59_Hexagone3.jpg,320,240
hexagone_3,162,132,42,42,60_Hexagone3.jpg,320,240
hexagone_3,88,131,89,91,61_Hexagone3.jpg,320,240
hexagone_3,177,37,38,46,62_Hexagone3.jpg,320,240
hexagone_3,139,37,55,60,63_Hexagone3.jpg,320,240
hexagone_3,153,39,50,58,64_Hexagone3.jpg,320,240
hexagone_3,166,40,30,35,65_Hexagone3.jpg,320,240
hexagone_3,125,45,36,39,66_Hexagone3.jpg,320,240
hexagone_3,124,44,31,42,67_Hexagone3.jpg,320,240
hexagone_3,115,41,36,44,68_Hexagone3.jpg,320,240
hexagone_3,76,83,38,37,69_Hexagone3.jpg,320,240
hexagone_3,160,14,107,114,70_Hexagone3.jpg,320,240
hexagone_3,107,127,44,43,71_Hexagone3.jpg,320,240
hexagone_3,115,119,38,43,72_Hexagone3.jpg,320,240
hexagone_3,181,120,31,50,73_Hexagone3.jpg,320,240
hexagone_3,217,120,55,55,74_Hexagone3.jpg,320,240
hexagone_3,211,119,57,61,75_Hexagone3.jpg,320,240
hexagone_3,89,117,42,45,76_Hexagone3.jpg,320,240
hexagone_3,146,115,34,37,77_Hexagone3.jpg,320,240
hexagone_3,186,117,55,64,78_Hexagone3.jpg,320,240
hexagone_3,101,121,37,36,79_Hexagone3.jpg,320,240
hexagone_3,140,117,37,39,80_Hexagone3.jpg,320,240
hexagone_3,168,122,63,64,81_Hexagone3.jpg,320,240
hexagone_3,251,83,43,36,82_Hexagone3.jpg,320,240
hexagone_3,55,45,82,78,83_Hexagone3.jpg,320,240
hexagone_3,18,77,108,103,84_Hexagone3.jpg,320,240
hexagone_3,55,119,59,73,85_Hexagone3.jpg,320,240
hexagone_3,118,117,68,72,86_Hexagone3.jpg,320,240
hexagone_3,152,120,59,70,87_Hexagone3.jpg,320,240
hexagone_3,135,114,59,68,88_Hexagone3.jpg,320,240
hexagone_3,144,117,68,70,89_Hexagone3.jpg,320,240
hexagone_3,101,116,45,62,90_Hexagone3.jpg,320,240
hexagone_3,101,121,45,60,91_Hexagone3.jpg,320,240
hexagone_3,169,115,51,56,92_Hexagone3.jpg,320,240
hexagone_3,156,114,49,55,93_Hexagone3.jpg,320,240
hexagone_3,229,114,49,57,94_Hexagone3.jpg,320,240
hexagone_3,46,112,16,16,95_Hexagone3.jpg,320,240
hexagone_3,59,29,90,87,96_Hexagone3.jpg,320,240
hexagone_3,77,82,118,117,97_Hexagone3.jpg,320,240
hexagone_3,112,115,47,53,98_Hexagone3.jpg,320,240
hexagone_3,120,114,51,52,99_Hexagone3.jpg,320,240
hexagone_3,123,122,51,53,100_Hexagone3.jpg,320,240
hexagone_3,91,115,41,43,101_Hexagone3.jpg,320,240
hexagone_3,232,115,55,55,102_Hexagone3.jpg,320,240
hexagone_3,100,114,41,43,103_Hexagone3.jpg,320,240
hexagone_3,33,117,52,53,104_Hexagone3.jpg,320,240
hexagone_3,34,117,45,52,105_Hexagone3.jpg,320,240
hexagone_3,197,112,41,44,106_Hexagone3.jpg,320,240
hexagone_3,198,114,41,43,107_Hexagone3.jpg,320,240
hexagone_3,39,128,40,36,108_Hexagone3.jpg,320,240
hexagone_3,113,30,86,86,109_Hexagone3.jpg,320,240
hexagone_3,150,63,93,92,110_Hexagone3.jpg,320,240
hexagone_3,135,114,37,41,111_Hexagone3.jpg,320,240
hexagone_3,68,115,42,46,112_Hexagone3.jpg,320,240
hexagone_3,160,121,55,57,113_Hexagone3.jpg,320,240
hexagone_3,112,119,57,59,114_Hexagone3.jpg,320,240
hexagone_3,37,118,66,60,115_Hexagone3.jpg,320,240
hexagone_3,134,116,45,56,116_Hexagone3.jpg,320,240
hexagone_3,13,118,72,62,117_Hexagone3.jpg,320,240
hexagone_3,83,118,63,70,118_Hexagone3.jpg,320,240
hexagone_3,106,121,31,31,119_Hexagone3.jpg,320,240
hexagone_3,112,116,30,33,120_Hexagone3.jpg,320,240
hexagone_3,40,129,37,35,121_Hexagone3.jpg,320,240
hexagone_3,62,37,75,75,122_Hexagone3.jpg,320,240
hexagone_3,100,68,72,74,123_Hexagone3.jpg,320,240
hexagone_3,158,114,29,31,124_Hexagone3.jpg,320,240
hexagone_3,148,118,32,34,125_Hexagone3.jpg,320,240
hexagone_3,75,119,36,39,126_Hexagone3.jpg,320,240
hexagone_3,99,119,35,37,127_Hexagone3.jpg,320,240
hexagone_3,44,120,47,45,128_Hexagone3.jpg,320,240
hexagone_3,75,116,35,41,129_Hexagone3.jpg,320,240
hexagone_3,25,123,70,63,130_Hexagone3.jpg,320,240
hexagone_3,165,121,49,61,131_Hexagone3.jpg,320,240
hexagone_3,167,118,51,60,132_Hexagone3.jpg,320,240
hexagone_3,200,114,62,64,133_Hexagone3.jpg,320,240
hexagone_3,84,176,95,64,134_Hexagone3.jpg,320,240
hexagone_3,84,25,87,84,135_Hexagone3.jpg,320,240
hexagone_3,144,66,65,61,136_Hexagone3.jpg,320,240
hexagone_3,249,140,39,40,137_Hexagone3.jpg,320,240
hexagone_3,67,28,93,86,138_Hexagone3.jpg,320,240
hexagone_3,43,71,80,76,139_Hexagone3.jpg,320,240
hexagone_3,106,116,57,62,140_Hexagone3.jpg,320,240
hexagone_3,176,85,23,26,141_Hexagone3.jpg,320,240
hexagone_3,136,154,68,68,142_Hexagone3.jpg,320,240
hexagone_3,212,114,24,26,143_Hexagone3.jpg,320,240
hexagone_3,241,156,70,69,144_Hexagone3.jpg,320,240
hexagone_3,154,154,97,86,145_Hexagone3.jpg,320,240
hexagone_3,65,138,85,88,146_Hexagone3.jpg,320,240
hexagone_3,102,139,69,73,147_Hexagone3.jpg,320,240
hexagone_3,4,136,78,89,148_Hexagone3.jpg,320,240
hexagone_3,246,140,43,43,149_Hexagone3.jpg,320,240
hexagone_3,186,72,118,130,150_Hexagone3.jpg,320,240
hexagone_3,145,70,95,95,151_Hexagone3.jpg,320,240
hexagone_3,91,110,38,35,152_Hexagone3.jpg,320,240
hexagone_3,130,78,50,51,153_Hexagone3.jpg,320,240
hexagone_3,116,68,83,84,154_Hexagone3.jpg,320,240
hexagone_3,259,141,46,43,155_Hexagone3.jpg,320,240
hexagone_3,43,37,75,72,156_Hexagone3.jpg,320,240
hexagone_3,168,75,101,101,157_Hexagone3.jpg,320,240
hexagone_3,275,122,42,42,158_Hexagone3.jpg,320,240
hexagone_3,18,33,86,79,159_Hexagone3.jpg,320,240
hexagone_3,238,62,82,108,160_Hexagone3.jpg,320,240
hexagone_3,276,122,40,40,161_Hexagone3.jpg,320,240
hexagone_3,146,35,95,100,162_Hexagone3.jpg,320,240
hexagone_3,174,72,104,96,163_Hexagone3.jpg,320,240
hexagone_3,278,123,38,41,164_Hexagone3.jpg,320,240
hexagone_3,109,16,84,89,165_Hexagone3.jpg,320,240
hexagone_3,116,69,82,82,166_Hexagone3.jpg,320,240
hexagone_3,275,122,39,43,167_Hexagone3.jpg,320,240
hexagone_3,126,31,82,84,168_Hexagone3.jpg,320,240
hexagone_3,147,76,82,81,169_Hexagone3.jpg,320,240
hexagone_3,277,122,38,40,170_Hexagone3.jpg,320,240
hexagone_3,25,45,78,74,171_Hexagone3.jpg,320,240
hexagone_3,0,78,68,86,172_Hexagone3.jpg,320,240
hexagone_3,115,127,28,31,173_Hexagone3.jpg,320,240
hexagone_3,97,30,90,89,174_Hexagone3.jpg,320,240
hexagone_3,133,85,153,149,175_Hexagone3.jpg,320,240
hexagone_3,55,122,77,81,176_Hexagone3.jpg,320,240
hexagone_3,86,36,78,76,177_Hexagone3.jpg,320,240
hexagone_3,112,101,43,45,178_Hexagone3.jpg,320,240
hexagone_3,116,126,29,32,179_Hexagone3.jpg,320,240
hexagone_3,96,43,82,85,180_Hexagone3.jpg,320,240
hexagone_3,73,96,101,105,181_Hexagone3.jpg,320,240
hexagone_3,23,144,61,65,182_Hexagone3.jpg,320,240
hexagone_3,206,49,38,34,183_Hexagone3.jpg,320,240
hexagone_3,111,23,78,81,184_Hexagone3.jpg,320,240
hexagone_3,28,139,93,98,185_Hexagone3.jpg,320,240
hexagone_3,177,179,37,35,186_Hexagone3.jpg,320,240
hexagone_3,113,45,48,49,187_Hexagone3.jpg,320,240
hexagone_3,283,114,34,32,188_Hexagone3.jpg,320,240
hexagone_3,44,38,45,40,189_Hexagone3.jpg,320,240
hexagone_3,192,49,42,46,190_Hexagone3.jpg,320,240
hexagone_3,32,75,45,42,191_Hexagone3.jpg,320,240
hexagone_3,165,74,50,51,192_Hexagone3.jpg,320,240
hexagone_3,130,38,57,56,193_Hexagone3.jpg,320,240
hexagone_3,136,34,42,41,194_Hexagone3.jpg,320,240
hexagone_3,160,38,22,23,195_Hexagone3.jpg,320,240
hexagone_3,212,52,63,60,196_Hexagone3.jpg,320,240
hexagone_3,158,40,21,21,197_Hexagone3.jpg,320,240
hexagone_3,167,48,32,32,198_Hexagone3.jpg,320,240
hexagone_3,157,123,88,88,199_Hexagone3.jpg,320,240
hexagone_3,50,36,83,80,200_Hexagone3.jpg,320,240
hexagone_3,125,123,41,41,201_Hexagone3.jpg,320,240
hexagone_3,204,32,93,100,202_Hexagone3.jpg,320,240
hexagone_3,101,14,91,90,203_Hexagone3.jpg,320,240
hexagone_3,101,25,129,128,204_Hexagone3.jpg,320,240
hexagone_3,103,43,83,89,205_Hexagone3.jpg,320,240
hexagone_3,46,83,41,40,206_Hexagone3.jpg,320,240
hexagone_3,85,46,125,120,207_Hexagone3.jpg,320,240
hexagone_3,2,10,142,160,208_Hexagone3.jpg,320,240
hexagone_3,120,54,51,53,209_Hexagone3.jpg,320,240
hexagone_3,246,100,64,59,210_Hexagone3.jpg,320,240
hexagone_3,221,119,45,48,211_Hexagone3.jpg,320,240
hexagone_3,45,121,80,81,212_Hexagone3.jpg,320,240
hexagone_3,123,24,95,95,213_Hexagone3.jpg,320,240
hexagone_3,131,112,42,45,214_Hexagone3.jpg,320,240
hexagone_3,170,22,46,48,215_Hexagone3.jpg,320,240
hexagone_3,134,105,42,42,216_Hexagone3.jpg,320,240
hexagone_3,139,30,63,65,217_Hexagone3.jpg,320,240
hexagone_3,92,29,85,86,218_Hexagone3.jpg,320,240
hexagone_3,140,28,60,63,219_Hexagone3.jpg,320,240
hexagone_3,183,84,106,134,220_Hexagone3.jpg,320,240
hexagone_3,265,164,129,131,221_Hexagone3.jpg,640,480
hexagone_3,16,8,151,159,222_Hexagone3.jpg,320,240
hexagone_3,194,141,62,61,223_Hexagone3.jpg,320,240
hexagone_3,111,20,69,69,224_Hexagone3.jpg,320,240
hexagone_3,159,126,85,84,225_Hexagone3.jpg,320,240
hexagone_3,63,36,75,73,226_Hexagone3.jpg,320,240
hexagone_3,192,75,108,101,227_Hexagone3.jpg,320,240
hexagone_3,137,79,91,136,228_Hexagone3.jpg,320,240
hexagone_3,166,83,99,105,229_Hexagone3.jpg,320,240
hexagone_3,91,78,50,49,230_Hexagone3.jpg,320,240
hexagone_3,145,17,44,49,231_Hexagone3.jpg,320,240
hexagone_3,167,73,54,53,232_Hexagone3.jpg,320,240
hexagone_3,117,7,58,62,233_Hexagone3.jpg,320,240
hexagone_3,112,153,45,46,234_Hexagone3.jpg,320,240
hexagone_3,115,56,45,45,235_Hexagone3.jpg,320,240
hexagone_3,199,62,72,69,236_Hexagone3.jpg,320,240
hexagone_3,160,111,48,46,237_Hexagone3.jpg,320,240
hexagone_3,71,123,81,80,238_Hexagone3.jpg,320,240
hexagone_3,142,26,88,89,239_Hexagone3.jpg,320,240
hexagone_3,120,111,43,43,240_Hexagone3.jpg,320,240
hexagone_3,70,107,52,48,241_Hexagone3.jpg,320,240
hexagone_3,121,85,57,57,242_Hexagone3.jpg,320,240
hexagone_3,117,84,59,60,243_Hexagone3.jpg,320,240
hexagone_3,94,77,50,46,244_Hexagone3.jpg,320,240
hexagone_3,81,24,82,74,245_Hexagone3.jpg,320,240
hexagone_3,46,69,44,43,246_Hexagone3.jpg,320,240
hexagone_3,37,87,46,44,247_Hexagone3.jpg,320,240
hexagone_3,71,81,45,44,248_Hexagone3.jpg,320,240
hexagone_3,45,80,43,45,249_Hexagone3.jpg,320,240
hexagone_3,63,76,102,97,250_Hexagone3.jpg,320,240
hexagone_3,221,87,48,42,251_Hexagone3.jpg,320,240
hexagone_3,121,32,81,79,252_Hexagone3.jpg,320,240
hexagone_3,206,65,60,61,253_Hexagone3.jpg,320,240
hexagone_3,59,76,42,44,254_Hexagone3.jpg,320,240
hexagone_3,153,121,62,64,255_Hexagone3.jpg,320,240
hexagone_3,85,33,77,81,256_Hexagone3.jpg,320,240
hexagone_3,100,52,132,126,257_Hexagone3.jpg,320,240
hexagone_3,116,111,90,86,258_Hexagone3.jpg,320,240
hexagone_3,16,39,41,42,259_Hexagone3.jpg,320,240
hexagone_3,118,143,88,85,260_Hexagone3.jpg,320,240
hexagone_3,69,29,122,119,261_Hexagone3.jpg,320,240
hexagone_3,133,75,75,70,262_Hexagone3.jpg,320,240
hexagone_3,56,81,86,85,263_Hexagone3.jpg,320,240
hexagone_3,217,84,51,47,264_Hexagone3.jpg,320,240
hexagone_3,60,77,51,51,265_Hexagone3.jpg,320,240
hexagone_3,136,122,41,41,266_Hexagone3.jpg,320,240
hexagone_3,107,59,107,99,267_Hexagone3.jpg,320,240
hexagone_3,122,127,97,86,268_Hexagone3.jpg,320,240
hexagone_3,19,46,94,85,269_Hexagone3.jpg,320,240
hexagone_3,30,110,112,103,270_Hexagone3.jpg,320,240
hexagone_3,67,62,109,109,271_Hexagone3.jpg,320,240
hexagone_3,76,29,89,88,272_Hexagone3.jpg,320,240
hexagone_3,119,30,56,56,273_Hexagone3.jpg,320,240
hexagone_3,114,64,102,98,274_Hexagone3.jpg,320,240
hexagone_3,123,112,86,79,275_Hexagone3.jpg,320,240
hexagone_3,132,54,124,124,276_Hexagone3.jpg,320,240
hexagone_4,62,123,51,51,1_Hexagone4.jpg,320,240
hexagone_4,56,49,62,59,2_Hexagone4.jpg,320,240
hexagone_4,101,63,80,76,3_Hexagone4.jpg,320,240
hexagone_4,50,55,76,76,4_Hexagone4.jpg,320,240
hexagone_4,96,21,104,107,5_Hexagone4.jpg,320,240
hexagone_4,13,103,72,67,6_Hexagone4.jpg,320,240
hexagone_4,50,68,90,87,7_Hexagone4.jpg,320,240
hexagone_4,142,81,47,52,8_Hexagone4.jpg,320,240
hexagone_4,110,84,51,51,9_Hexagone4.jpg,320,240
hexagone_4,126,72,51,50,10_Hexagone4.jpg,320,240
hexagone_4,135,72,86,83,11_Hexagone4.jpg,320,240
hexagone_4,128,133,60,59,12_Hexagone4.jpg,320,240
hexagone_4,178,180,33,31,13_Hexagone4.jpg,320,240
hexagone_4,60,19,140,140,14_Hexagone4.jpg,320,240
hexagone_4,152,86,53,52,15_Hexagone4.jpg,320,240
hexagone_4,172,98,52,50,16_Hexagone4.jpg,320,240
hexagone_4,51,56,75,75,17_Hexagone4.jpg,320,240
hexagone_4,53,120,111,103,18_Hexagone4.jpg,320,240
hexagone_4,11,103,84,68,19_Hexagone4.jpg,320,240
hexagone_4,244,114,32,30,20_Hexagone4.jpg,320,240
hexagone_4,150,99,52,50,21_Hexagone4.jpg,320,240
hexagone_4,108,80,53,53,22_Hexagone4.jpg,320,240
hexagone_4,128,95,51,50,23_Hexagone4.jpg,320,240
hexagone_4,157,95,53,52,24_Hexagone4.jpg,320,240
hexagone_4,106,72,54,50,25_Hexagone4.jpg,320,240
hexagone_4,30,79,64,58,26_Hexagone4.jpg,320,240
hexagone_4,127,82,54,52,27_Hexagone4.jpg,320,240
hexagone_4,88,80,54,53,28_Hexagone4.jpg,320,240
hexagone_4,19,89,70,66,29_Hexagone4.jpg,320,240
hexagone_4,224,48,87,82,30_Hexagone4.jpg,320,240
hexagone_4,201,48,33,35,31_Hexagone4.jpg,320,240
hexagone_4,16,57,67,60,32_Hexagone4.jpg,320,240
hexagone_4,99,80,54,52,33_Hexagone4.jpg,320,240
hexagone_4,197,94,65,61,34_Hexagone4.jpg,320,240
hexagone_4,141,6,84,83,35_Hexagone4.jpg,320,240
hexagone_4,153,74,48,49,36_Hexagone4.jpg,320,240
hexagone_4,191,107,50,52,37_Hexagone4.jpg,320,240
hexagone_4,118,51,55,55,38_Hexagone4.jpg,320,240
hexagone_4,121,78,54,50,39_Hexagone4.jpg,320,240
hexagone_4,8,22,69,70,40_Hexagone4.jpg,320,240
hexagone_4,65,8,59,59,41_Hexagone4.jpg,320,240
hexagone_4,66,79,58,56,42_Hexagone4.jpg,320,240
hexagone_4,69,48,84,84,43_Hexagone4.jpg,320,240
hexagone_4,99,102,54,50,44_Hexagone4.jpg,320,240
hexagone_4,16,52,66,64,45_Hexagone4.jpg,320,240
hexagone_4,110,67,54,54,46_Hexagone4.jpg,320,240
hexagone_4,99,25,145,134,47_Hexagone4.jpg,320,240
hexagone_4,55,118,109,107,48_Hexagone4.jpg,320,240
hexagone_4,165,131,29,29,49_Hexagone4.jpg,320,240
hexagone_4,230,107,75,71,50_Hexagone4.jpg,320,240
hexagone_4,102,114,49,47,51_Hexagone4.jpg,320,240
hexagone_4,180,114,48,50,52_Hexagone4.jpg,320,240
hexagone_4,108,115,33,32,53_Hexagone4.jpg,320,240
hexagone_4,181,115,34,33,54_Hexagone4.jpg,320,240
hexagone_4,199,114,40,44,55_Hexagone4.jpg,320,240
hexagone_4,169,53,79,78,56_Hexagone4.jpg,320,240
hexagone_4,107,126,52,56,57_Hexagone4.jpg,320,240
hexagone_4,4,59,87,76,58_Hexagone4.jpg,320,240
hexagone_4,67,112,54,55,59_Hexagone4.jpg,320,240
hexagone_4,145,112,43,55,60_Hexagone4.jpg,320,240
hexagone_4,147,113,28,32,61_Hexagone4.jpg,320,240
hexagone_4,154,114,42,41,62_Hexagone4.jpg,320,240
hexagone_4,132,113,36,39,63_Hexagone4.jpg,320,240
hexagone_4,152,114,29,30,64_Hexagone4.jpg,320,240
hexagone_4,165,113,37,40,65_Hexagone4.jpg,320,240
hexagone_4,98,114,42,41,66_Hexagone4.jpg,320,240
hexagone_4,99,115,40,40,67_Hexagone4.jpg,320,240
hexagone_4,134,112,48,60,68_Hexagone4.jpg,320,240
hexagone_4,30,43,87,86,69_Hexagone4.jpg,320,240
hexagone_4,128,125,60,60,70_Hexagone4.jpg,320,240
hexagone_4,22,60,75,72,71_Hexagone4.jpg,320,240
hexagone_4,65,115,71,70,72_Hexagone4.jpg,320,240
hexagone_4,108,116,59,64,73_Hexagone4.jpg,320,240
hexagone_4,67,117,61,64,74_Hexagone4.jpg,320,240
hexagone_4,123,114,49,72,75_Hexagone4.jpg,320,240
hexagone_4,126,116,86,85,76_Hexagone4.jpg,320,240
hexagone_4,125,117,84,80,77_Hexagone4.jpg,320,240
hexagone_4,144,114,44,48,79_Hexagone4.jpg,320,240
hexagone_4,178,112,50,53,80_Hexagone4.jpg,320,240
hexagone_4,177,112,49,55,81_Hexagone4.jpg,320,240
hexagone_4,30,43,86,85,82_Hexagone4.jpg,320,240
hexagone_4,115,106,74,77,83_Hexagone4.jpg,320,240
hexagone_4,16,61,74,68,84_Hexagone4.jpg,320,240
hexagone_4,68,115,51,55,85_Hexagone4.jpg,320,240
hexagone_4,74,116,31,33,86_Hexagone4.jpg,320,240
hexagone_4,80,113,42,45,87_Hexagone4.jpg,320,240
hexagone_4,193,112,44,51,88_Hexagone4.jpg,320,240
hexagone_4,189,111,29,33,89_Hexagone4.jpg,320,240
hexagone_4,156,112,37,39,90_Hexagone4.jpg,320,240
hexagone_4,104,115,41,44,91_Hexagone4.jpg,320,240
hexagone_4,100,115,39,52,92_Hexagone4.jpg,320,240
hexagone_4,142,115,45,45,93_Hexagone4.jpg,320,240
hexagone_4,154,113,48,52,94_Hexagone4.jpg,320,240
hexagone_4,274,137,29,33,95_Hexagone4.jpg,320,240
hexagone_4,108,158,49,47,96_Hexagone4.jpg,320,240
hexagone_4,157,113,48,52,97_Hexagone4.jpg,320,240
hexagone_4,93,116,59,57,98_Hexagone4.jpg,320,240
hexagone_4,173,114,47,48,99_Hexagone4.jpg,320,240
hexagone_4,173,114,47,46,100_Hexagone4.jpg,320,240
hexagone_4,67,116,48,45,101_Hexagone4.jpg,320,240
hexagone_4,112,114,53,50,102_Hexagone4.jpg,320,240
hexagone_4,121,114,43,43,103_Hexagone4.jpg,320,240
hexagone_4,144,115,35,38,104_Hexagone4.jpg,320,240
hexagone_4,87,117,59,59,105_Hexagone4.jpg,320,240
hexagone_4,103,112,32,28,106_Hexagone4.jpg,320,240
hexagone_4,24,110,77,75,107_Hexagone4.jpg,320,240
hexagone_4,127,91,66,64,108_Hexagone4.jpg,320,240
hexagone_4,101,112,33,32,109_Hexagone4.jpg,320,240
hexagone_4,23,115,40,40,110_Hexagone4.jpg,320,240
hexagone_4,51,114,67,63,111_Hexagone4.jpg,320,240
hexagone_4,72,114,57,61,112_Hexagone4.jpg,320,240
hexagone_4,189,119,37,56,113_Hexagone4.jpg,320,240
hexagone_4,133,119,50,45,114_Hexagone4.jpg,320,240
hexagone_4,141,111,52,54,115_Hexagone4.jpg,320,240
hexagone_4,79,113,50,56,116_Hexagone4.jpg,320,240
hexagone_4,103,113,49,48,117_Hexagone4.jpg,320,240
hexagone_4,121,120,41,45,118_Hexagone4.jpg,320,240
hexagone_4,15,105,77,81,119_Hexagone4.jpg,320,240
hexagone_4,115,23,59,59,120_Hexagone4.jpg,320,240
hexagone_4,118,119,44,46,121_Hexagone4.jpg,320,240
hexagone_4,103,113,36,36,122_Hexagone4.jpg,320,240
hexagone_4,129,113,30,32,123_Hexagone4.jpg,320,240
hexagone_4,139,112,31,37,124_Hexagone4.jpg,320,240
hexagone_4,140,88,29,25,125_Hexagone4.jpg,320,240
hexagone_4,107,140,57,59,126_Hexagone4.jpg,320,240
hexagone_4,68,114,95,95,127_Hexagone4.jpg,320,240
hexagone_4,132,150,41,38,128_Hexagone4.jpg,320,240
hexagone_4,60,138,50,52,129_Hexagone4.jpg,320,240
hexagone_4,28,111,113,100,130_Hexagone4.jpg,320,240
hexagone_4,105,37,52,50,131_Hexagone4.jpg,320,240
hexagone_4,56,87,56,54,132_Hexagone4.jpg,320,240
hexagone_4,69,53,83,73,133_Hexagone4.jpg,320,240
hexagone_4,132,94,26,27,134_Hexagone4.jpg,320,240
hexagone_4,116,56,88,80,135_Hexagone4.jpg,320,240
hexagone_4,151,139,68,68,136_Hexagone4.jpg,320,240
hexagone_4,49,137,109,103,137_Hexagone4.jpg,320,240
hexagone_4,128,140,94,94,138_Hexagone4.jpg,320,240
hexagone_4,175,134,25,26,139_Hexagone4.jpg,320,240
hexagone_4,146,61,67,63,140_Hexagone4.jpg,320,240
hexagone_4,102,103,48,48,141_Hexagone4.jpg,320,240
hexagone_4,141,16,81,79,142_Hexagone4.jpg,320,240
hexagone_4,294,162,115,114,143_Hexagone4.jpg,640,480
hexagone_4,76,20,104,98,144_Hexagone4.jpg,320,240
hexagone_4,79,24,71,72,145_Hexagone4.jpg,320,240
hexagone_4,104,3,76,75,146_Hexagone4.jpg,320,240
hexagone_4,60,9,79,82,147_Hexagone4.jpg,320,240
hexagone_4,97,66,101,111,148_Hexagone4.jpg,320,240
hexagone_4,68,118,60,56,149_Hexagone4.jpg,320,240
hexagone_4,181,119,52,48,150_Hexagone4.jpg,320,240
hexagone_4,148,37,47,50,151_Hexagone4.jpg,320,240
hexagone_4,59,2,109,101,152_Hexagone4.jpg,320,240
hexagone_4,135,3,81,79,153_Hexagone4.jpg,320,240
hexagone_4,123,19,77,83,154_Hexagone4.jpg,320,240
hexagone_4,27,118,118,107,155_Hexagone4.jpg,320,240
hexagone_4,65,93,132,123,156_Hexagone4.jpg,320,240
hexagone_4,43,0,116,109,157_Hexagone4.jpg,320,240
hexagone_4,93,103,52,50,158_Hexagone4.jpg,320,240
hexagone_4,91,119,100,93,159_Hexagone4.jpg,320,240
hexagone_4,248,133,69,67,160_Hexagone4.jpg,320,240
hexagone_4,43,137,61,60,161_Hexagone4.jpg,320,240
hexagone_4,156,97,41,41,162_Hexagone4.jpg,320,240
hexagone_4,175,80,56,50,163_Hexagone4.jpg,320,240
hexagone_4,105,33,92,91,164_Hexagone4.jpg,320,240
hexagone_4,11,93,118,115,165_Hexagone4.jpg,320,240
hexagone_4,225,185,42,39,166_Hexagone4.jpg,320,240
hexagone_4,140,107,89,86,167_Hexagone4.jpg,320,240
hexagone_4,103,93,52,46,168_Hexagone4.jpg,320,240
hexagone_4,103,41,77,72,169_Hexagone4.jpg,320,240
hexagone_4,106,93,51,50,170_Hexagone4.jpg,320,240
hexagone_4,143,98,63,60,171_Hexagone4.jpg,320,240
hexagone_4,105,52,52,53,172_Hexagone4.jpg,320,240
hexagone_4,122,106,84,80,173_Hexagone4.jpg,320,240
hexagone_4,87,116,104,94,174_Hexagone4.jpg,320,240
hexagone_4,114,46,55,49,175_Hexagone4.jpg,320,240
hexagone_4,94,84,55,51,176_Hexagone4.jpg,320,240
hexagone_4,137,37,70,75,177_Hexagone4.jpg,320,240
hexagone_4,119,115,112,109,178_Hexagone4.jpg,320,240
hexagone_4,121,115,106,106,179_Hexagone4.jpg,320,240
hexagone_4,111,76,67,67,180_Hexagone4.jpg,320,240
hexagone_4,113,77,65,66,181_Hexagone4.jpg,320,240
hexagone_4,185,103,30,29,182_Hexagone4.jpg,320,240
hexagone_4,114,19,79,73,183_Hexagone4.jpg,320,240
hexagone_4,156,102,29,29,184_Hexagone4.jpg,320,240
hexagone_4,155,100,31,31,185_Hexagone4.jpg,320,240
hexagone_4,161,114,31,31,186_Hexagone4.jpg,320,240
hexagone_4,124,118,31,30,187_Hexagone4.jpg,320,240
hexagone_4,75,39,52,49,188_Hexagone4.jpg,320,240
hexagone_4,158,81,50,51,189_Hexagone4.jpg,320,240
hexagone_4,160,37,47,47,190_Hexagone4.jpg,320,240
hexagone_4,163,109,29,29,191_Hexagone4.jpg,320,240
hexagone_4,84,125,65,63,192_Hexagone4.jpg,320,240
hexagone_4,84,123,63,64,193_Hexagone4.jpg,320,240
hexagone_4,137,15,125,122,194_Hexagone4.jpg,320,240
hexagone_4,138,120,43,42,195_Hexagone4.jpg,320,240
hexagone_4,108,98,42,43,196_Hexagone4.jpg,320,240
hexagone_4,328,91,150,105,197_Hexagone4.jpg,639,476
hexagone_4,88,139,86,88,198_Hexagone4.jpg,320,240
hexagone_4,3,46,189,172,199_Hexagone4.jpg,320,240
hexagone_4,172,139,71,65,200_Hexagone4.jpg,320,240
hexagone_4,122,46,44,40,201_Hexagone4.jpg,320,240
hexagone_4,174,97,51,52,202_Hexagone4.jpg,320,240
hexagone_4,151,33,83,84,203_Hexagone4.jpg,320,240
hexagone_4,103,104,48,47,204_Hexagone4.jpg,320,240
hexagone_4,80,71,52,47,205_Hexagone4.jpg,320,240
hexagone_4,103,103,46,47,206_Hexagone4.jpg,320,240
hexagone_4,202,105,50,46,207_Hexagone4.jpg,320,240
hexagone_4,102,105,50,47,208_Hexagone4.jpg,320,240
hexagone_4,116,118,33,30,209_Hexagone4.jpg,320,240
hexagone_4,203,118,50,46,210_Hexagone4.jpg,320,240
hexagone_4,37,84,96,93,211_Hexagone4.jpg,320,240
hexagone_4,160,54,43,44,212_Hexagone4.jpg,320,240
hexagone_4,92,105,54,50,213_Hexagone4.jpg,320,240
hexagone_4,119,46,45,43,214_Hexagone4.jpg,320,240
hexagone_4,117,100,54,52,215_Hexagone4.jpg,320,240
hexagone_4,136,37,52,53,216_Hexagone4.jpg,320,240
hexagone_4,137,27,101,99,217_Hexagone4.jpg,320,240
hexagone_4,4,57,184,176,218_Hexagone4.jpg,320,240
hexagone_4,102,102,49,50,219_Hexagone4.jpg,320,240
hexagone_4,81,71,62,60,221_Hexagone4.jpg,320,240
hexagone_4,84,139,89,85,222_Hexagone4.jpg,320,240
hexagone_4,188,124,74,72,223_Hexagone4.jpg,320,240
hexagone_4,249,126,70,66,224_Hexagone4.jpg,320,240
hexagone_4,153,101,29,30,225_Hexagone4.jpg,320,240
hexagone_4,131,123,45,42,226_Hexagone4.jpg,320,240
hexagone_4,218,163,41,42,227_Hexagone4.jpg,320,240
hexagone_4,281,49,37,35,228_Hexagone4.jpg,320,240
hexagone_4,83,53,49,47,229_Hexagone4.jpg,320,240
hexagone_4,109,83,33,32,230_Hexagone4.jpg,320,240
hexagone_4,173,176,27,28,231_Hexagone4.jpg,320,240
hexagone_4,60,68,58,55,232_Hexagone4.jpg,320,240
hexagone_4,138,27,106,98,233_Hexagone4.jpg,320,240
hexagone_4,207,74,107,102,234_Hexagone4.jpg,320,240
hexagone_4,93,52,95,99,235_Hexagone4.jpg,320,240
hexagone_4,173,137,70,67,236_Hexagone4.jpg,320,240
hexagone_4,214,49,52,50,237_Hexagone4.jpg,320,240
hexagone_4,123,38,83,78,238_Hexagone4.jpg,320,240
hexagone_4,244,114,31,31,239_Hexagone4.jpg,320,240
hexagone_5,147,149,49,50,1_Hexagone5.jpg,320,240
hexagone_5,68,55,36,41,2_Hexagone5.jpg,320,240
hexagone_5,199,72,59,60,3_Hexagone5.jpg,320,240
hexagone_5,127,172,52,56,4_Hexagone5.jpg,320,240
hexagone_5,133,75,76,75,5_Hexagone5.jpg,320,240
hexagone_5,126,70,104,105,6_Hexagone5.jpg,320,240
hexagone_5,115,133,36,34,7_Hexagone5.jpg,320,240
hexagone_5,193,133,49,55,8_Hexagone5.jpg,320,240
hexagone_5,118,133,45,47,9_Hexagone5.jpg,320,240
hexagone_5,163,131,30,39,10_Hexagone5.jpg,320,240
hexagone_5,172,132,39,46,11_Hexagone5.jpg,320,240
hexagone_5,115,137,86,103,12_Hexagone5.jpg,320,240
hexagone_5,163,137,75,79,13_Hexagone5.jpg,320,240
hexagone_5,139,137,85,92,14_Hexagone5.jpg,320,240
hexagone_5,170,136,67,90,15_Hexagone5.jpg,320,240
hexagone_5,131,135,53,56,16_Hexagone5.jpg,320,240
hexagone_5,125,170,51,55,17_Hexagone5.jpg,320,240
hexagone_5,207,198,174,169,18_Hexagone5.jpg,732,578
hexagone_5,101,65,115,112,19_Hexagone5.jpg,320,240
hexagone_5,76,135,59,63,20_Hexagone5.jpg,320,240
hexagone_5,74,136,60,60,21_Hexagone5.jpg,320,240
hexagone_5,204,189,72,51,22_Hexagone5.jpg,320,240
hexagone_5,196,54,66,69,23_Hexagone5.jpg,320,240
hexagone_5,160,57,36,35,24_Hexagone5.jpg,320,240
hexagone_5,144,57,33,37,25_Hexagone5.jpg,320,240
hexagone_5,163,56,29,40,26_Hexagone5.jpg,320,240
hexagone_5,203,54,49,51,27_Hexagone5.jpg,320,240
hexagone_5,208,53,82,78,28_Hexagone5.jpg,320,240
hexagone_5,156,56,61,62,29_Hexagone5.jpg,320,240
hexagone_5,157,151,48,55,30_Hexagone5.jpg,320,240
hexagone_5,34,36,48,47,31_Hexagone5.jpg,320,240
hexagone_5,96,64,126,118,32_Hexagone5.jpg,320,240
hexagone_5,77,54,51,61,33_Hexagone5.jpg,320,240
hexagone_5,187,53,62,64,34_Hexagone5.jpg,320,240
hexagone_5,181,54,56,58,35_Hexagone5.jpg,320,240
hexagone_5,145,55,34,37,36_Hexagone5.jpg,320,240
hexagone_5,148,52,36,39,37_Hexagone5.jpg,320,240
hexagone_5,0,52,55,50,38_Hexagone5.jpg,320,240
hexagone_5,27,53,64,60,39_Hexagone5.jpg,320,240
hexagone_5,101,53,50,54,40_Hexagone5.jpg,320,240
hexagone_5,62,54,68,64,41_Hexagone5.jpg,320,240
hexagone_5,154,151,49,56,43_Hexagone5.jpg,320,240
hexagone_5,143,65,123,118,45_Hexagone5.jpg,320,240
hexagone_5,142,54,42,45,46_Hexagone5.jpg,320,240
hexagone_5,63,54,54,53,47_Hexagone5.jpg,320,240
hexagone_5,117,55,48,52,48_Hexagone5.jpg,320,240
hexagone_5,34,54,79,76,49_Hexagone5.jpg,320,240
hexagone_5,151,138,26,27,50_Hexagone5.jpg,320,240
hexagone_5,88,134,60,62,51_Hexagone5.jpg,320,240
hexagone_5,225,91,29,33,52_Hexagone5.jpg,320,240
hexagone_5,151,134,81,85,53_Hexagone5.jpg,320,240
hexagone_5,108,138,78,81,54_Hexagone5.jpg,320,240
hexagone_5,157,152,45,55,55_Hexagone5.jpg,320,240
hexagone_5,39,107,38,40,56_Hexagone5.jpg,320,240
hexagone_5,107,64,125,122,57_Hexagone5.jpg,320,240
hexagone_5,155,153,48,53,58_Hexagone5.jpg,320,240
hexagone_5,142,165,53,52,59_Hexagone5.jpg,320,240
hexagone_5,127,63,112,113,60_Hexagone5.jpg,320,240
hexagone_5,155,152,50,56,61_Hexagone5.jpg,320,240
hexagone_5,86,54,84,87,62_Hexagone5.jpg,320,240
hexagone_5,128,66,106,107,63_Hexagone5.jpg,320,240
hexagone_5,156,150,48,57,64_Hexagone5.jpg,320,240
hexagone_5,69,43,122,116,65_Hexagone5.jpg,320,240
hexagone_5,194,62,109,115,66_Hexagone5.jpg,320,240
hexagone_5,157,152,46,55,67_Hexagone5.jpg,320,240
hexagone_5,146,102,54,59,68_Hexagone5.jpg,320,240
hexagone_5,151,66,108,106,69_Hexagone5.jpg,320,240
hexagone_5,199,123,47,48,70_Hexagone5.jpg,320,240
hexagone_5,124,49,106,105,71_Hexagone5.jpg,320,240
hexagone_5,112,66,125,125,72_Hexagone5.jpg,320,240
hexagone_5,146,147,49,52,73_Hexagone5.jpg,320,240
hexagone_5,280,324,68,67,74_Hexagone5.jpg,642,483
hexagone_5,48,141,64,60,75_Hexagone5.jpg,320,240
hexagone_5,113,166,87,74,76_Hexagone5.jpg,320,240
hexagone_5,1332,2949,418,351,77_Hexagone5.jpg,3024,4032
hexagone_5,156,64,115,112,78_Hexagone5.jpg,320,240
hexagone_5,114,166,87,74,79_Hexagone5.jpg,320,240
hexagone_5,111,29,51,47,80_Hexagone5.jpg,320,240
hexagone_5,143,62,123,122,81_Hexagone5.jpg,320,240
hexagone_5,111,166,87,74,82_Hexagone5.jpg,320,240
hexagone_5,210,89,43,42,83_Hexagone5.jpg,320,240
hexagone_5,82,68,126,124,84_Hexagone5.jpg,320,240
hexagone_5,111,166,90,71,85_Hexagone5.jpg,320,240
hexagone_5,155,107,82,87,86_Hexagone5.jpg,320,240
hexagone_5,80,67,131,126,87_Hexagone5.jpg,320,240
hexagone_5,111,165,91,75,88_Hexagone5.jpg,320,240
hexagone_5,45,23,80,81,89_Hexagone5.jpg,320,240
hexagone_5,64,68,121,118,90_Hexagone5.jpg,320,240
hexagone_5,113,166,87,74,91_Hexagone5.jpg,320,240
hexagone_5,47,48,42,40,92_Hexagone5.jpg,320,240
hexagone_5,69,72,146,139,93_Hexagone5.jpg,320,240
hexagone_5,113,165,86,75,94_Hexagone5.jpg,320,240
hexagone_5,279,84,37,31,95_Hexagone5.jpg,320,240
hexagone_5,119,67,140,137,96_Hexagone5.jpg,320,240
hexagone_5,111,166,84,74,97_Hexagone5.jpg,320,240
hexagone_5,217,40,47,45,98_Hexagone5.jpg,320,240
hexagone_5,126,66,126,124,99_Hexagone5.jpg,320,240
hexagone_5,111,165,90,75,100_Hexagone5.jpg,320,240
hexagone_5,202,121,97,105,101_Hexagone5.jpg,320,240
hexagone_5,94,66,129,126,102_Hexagone5.jpg,320,240
hexagone_5,85,41,50,50,103_Hexagone5.jpg,320,240
hexagone_5,184,91,26,25,104_Hexagone5.jpg,320,240
hexagone_5,101,65,122,114,105_Hexagone5.jpg,320,240
hexagone_5,146,147,50,52,106_Hexagone5.jpg,320,240
hexagone_5,138,138,52,52,107_Hexagone5.jpg,320,240
hexagone_5,136,125,61,62,108_Hexagone5.jpg,320,240
hexagone_5,144,125,48,46,109_Hexagone5.jpg,320,240
hexagone_5,139,86,25,23,110_Hexagone5.jpg,320,240
hexagone_5,110,65,115,118,111_Hexagone5.jpg,320,240
hexagone_5,227,121,54,51,112_Hexagone5.jpg,320,240
hexagone_5,254,88,41,39,113_Hexagone5.jpg,320,240
hexagone_5,64,66,118,110,114_Hexagone5.jpg,320,240
hexagone_5,219,40,51,52,115_Hexagone5.jpg,320,240
hexagone_5,83,104,81,78,116_Hexagone5.jpg,320,240
hexagone_5,91,63,120,118,117_Hexagone5.jpg,320,240
hexagone_5,156,41,51,52,118_Hexagone5.jpg,320,240
hexagone_5,267,87,39,41,119_Hexagone5.jpg,320,240
hexagone_5,112,65,115,111,120_Hexagone5.jpg,320,240
hexagone_5,174,153,48,50,121_Hexagone5.jpg,320,240
hexagone_5,83,104,82,77,122_Hexagone5.jpg,320,240
hexagone_5,85,64,125,123,123_Hexagone5.jpg,320,240
hexagone_5,163,144,45,46,124_Hexagone5.jpg,320,240
hexagone_5,263,89,42,41,125_Hexagone5.jpg,320,240
hexagone_5,100,64,129,122,126_Hexagone5.jpg,320,240
hexagone_5,140,117,57,58,127_Hexagone5.jpg,320,240
hexagone_5,86,106,75,71,128_Hexagone5.jpg,320,240
hexagone_5,97,67,131,126,129_Hexagone5.jpg,320,240
hexagone_5,261,123,55,50,130_Hexagone5.jpg,320,240
hexagone_5,191,99,54,57,131_Hexagone5.jpg,320,240
hexagone_5,93,65,140,132,132_Hexagone5.jpg,320,240
hexagone_5,193,156,48,50,133_Hexagone5.jpg,320,240
hexagone_5,12,12,224,196,134_Hexagone5.jpg,320,240
hexagone_5,140,63,129,127,135_Hexagone5.jpg,320,240
hexagone_5,181,120,61,59,136_Hexagone5.jpg,320,240
hexagone_5,110,106,76,74,137_Hexagone5.jpg,320,240
hexagone_5,77,70,145,141,138_Hexagone5.jpg,320,240
hexagone_5,128,173,50,56,139_Hexagone5.jpg,320,240
hexagone_5,149,85,48,51,140_Hexagone5.jpg,320,240
hexagone_5,65,60,99,97,141_Hexagone5.jpg,320,240
hexagone_5,184,157,66,60,142_Hexagone5.jpg,320,240
hexagone_5,110,105,74,73,143_Hexagone5.jpg,320,240
hexagone_5,152,65,150,147,144_Hexagone5.jpg,320,240
hexagone_5,223,137,35,38,145_Hexagone5.jpg,320,240
hexagone_5,110,139,68,66,146_Hexagone5.jpg,320,240
hexagone_5,50,69,143,136,147_Hexagone5.jpg,320,240
hexagone_5,52,115,38,35,148_Hexagone5.jpg,320,240
hexagone_5,131,102,69,63,149_Hexagone5.jpg,320,240
hexagone_5,194,64,113,114,150_Hexagone5.jpg,320,240
hexagone_5,208,128,33,33,151_Hexagone5.jpg,320,240
hexagone_5,239,97,60,61,152_Hexagone5.jpg,320,240
hexagone_5,142,70,113,110,153_Hexagone5.jpg,320,240
hexagone_5,253,104,29,27,154_Hexagone5.jpg,320,240
hexagone_5,127,74,34,36,155_Hexagone5.jpg,320,240
hexagone_5,74,73,131,126,156_Hexagone5.jpg,320,240
hexagone_5,112,91,40,32,157_Hexagone5.jpg,320,240
hexagone_5,239,96,60,60,158_Hexagone5.jpg,320,240
hexagone_5,103,69,138,138,159_Hexagone5.jpg,320,240
hexagone_5,216,95,53,63,160_Hexagone5.jpg,320,240
hexagone_5,58,71,139,129,161_Hexagone5.jpg,320,240
hexagone_5,168,106,79,74,162_Hexagone5.jpg,320,240
hexagone_5,169,61,77,78,163_Hexagone5.jpg,320,240
hexagone_5,145,102,67,62,164_Hexagone5.jpg,320,240
hexagone_5,134,68,108,108,165_Hexagone5.jpg,320,240
hexagone_5,81,149,91,86,166_Hexagone5.jpg,320,240
hexagone_5,147,70,111,113,167_Hexagone5.jpg,320,240
hexagone_5,146,148,49,48,168_Hexagone5.jpg,320,240
hexagone_5,216,81,52,54,169_Hexagone5.jpg,320,240
hexagone_5,0,81,225,158,170_Hexagone5.jpg,320,240
hexagone_5,184,106,68,68,171_Hexagone5.jpg,320,240
hexagone_5,163,76,135,124,172_Hexagone5.jpg,320,240
hexagone_5,177,112,90,88,173_Hexagone5.jpg,320,240
hexagone_5,72,78,146,137,174_Hexagone5.jpg,320,240
hexagone_5,189,91,58,54,175_Hexagone5.jpg,320,240
hexagone_5,64,78,148,139,176_Hexagone5.jpg,320,240
hexagone_5,108,141,70,64,177_Hexagone5.jpg,320,240
hexagone_5,61,77,144,140,178_Hexagone5.jpg,320,240
hexagone_5,228,83,54,52,179_Hexagone5.jpg,320,240
hexagone_5,39,80,132,125,180_Hexagone5.jpg,320,240
hexagone_5,86,107,77,68,181_Hexagone5.jpg,320,240
hexagone_5,105,78,140,140,182_Hexagone5.jpg,320,240
hexagone_5,235,124,50,50,183_Hexagone5.jpg,320,240
hexagone_5,49,70,126,122,184_Hexagone5.jpg,320,240
hexagone_5,233,124,51,50,185_Hexagone5.jpg,320,240
hexagone_5,108,79,134,132,186_Hexagone5.jpg,320,240
hexagone_5,199,123,103,102,187_Hexagone5.jpg,320,240
hexagone_5,78,78,135,131,188_Hexagone5.jpg,320,240
hexagone_5,41,97,127,108,189_Hexagone5.jpg,320,240
hexagone_5,132,76,128,127,190_Hexagone5.jpg,320,240
hexagone_5,128,172,49,55,191_Hexagone5.jpg,320,240
hexagone_5,86,52,79,78,192_Hexagone5.jpg,320,240
hexagone_5,163,69,148,142,193_Hexagone5.jpg,320,240
hexagone_5,106,17,144,137,194_Hexagone5.jpg,320,240
hexagone_5,38,80,134,128,195_Hexagone5.jpg,320,240
hexagone_5,53,5,169,165,196_Hexagone5.jpg,320,240
hexagone_5,49,80,120,119,197_Hexagone5.jpg,320,240
hexagone_5,213,84,24,25,198_Hexagone5.jpg,320,240
hexagone_5,115,74,132,129,199_Hexagone5.jpg,320,240
hexagone_5,212,84,27,24,200_Hexagone5.jpg,320,240
hexagone_5,98,79,125,127,201_Hexagone5.jpg,320,240
hexagone_5,157,85,25,24,202_Hexagone5.jpg,320,240
hexagone_5,72,79,123,123,203_Hexagone5.jpg,320,240
hexagone_5,67,56,37,40,204_Hexagone5.jpg,320,240
hexagone_5,115,83,119,118,205_Hexagone5.jpg,320,240
hexagone_5,245,122,21,20,206_Hexagone5.jpg,320,240
hexagone_5,120,72,119,119,207_Hexagone5.jpg,320,240
hexagone_5,119,31,56,57,208_Hexagone5.jpg,320,240
hexagone_5,119,80,118,120,209_Hexagone5.jpg,320,240
hexagone_5,128,29,52,55,210_Hexagone5.jpg,320,240
hexagone_5,96,85,113,117,211_Hexagone5.jpg,320,240
hexagone_5,129,27,51,55,212_Hexagone5.jpg,320,240
hexagone_5,137,83,107,107,213_Hexagone5.jpg,320,240
hexagone_5,147,148,46,50,214_Hexagone5.jpg,320,240
hexagone_5,124,140,52,48,215_Hexagone5.jpg,320,240
hexagone_5,125,64,105,103,216_Hexagone5.jpg,320,240
hexagone_5,189,122,42,45,217_Hexagone5.jpg,320,240
hexagone_5,132,88,122,120,218_Hexagone5.jpg,320,240
hexagone_5,182,81,42,43,219_Hexagone5.jpg,320,240
hexagone_5,66,89,143,141,220_Hexagone5.jpg,320,240
hexagone_5,177,56,37,37,221_Hexagone5.jpg,320,240
hexagone_5,64,83,128,128,222_Hexagone5.jpg,320,240
hexagone_5,146,133,30,28,223_Hexagone5.jpg,320,240
hexagone_5,78,91,135,131,224_Hexagone5.jpg,320,240
hexagone_5,100,89,49,58,225_Hexagone5.jpg,320,240
hexagone_5,66,93,138,134,226_Hexagone5.jpg,320,240
hexagone_5,95,116,55,56,227_Hexagone5.jpg,320,240
hexagone_5,103,84,117,115,228_Hexagone5.jpg,320,240
hexagone_5,106,115,33,37,229_Hexagone5.jpg,320,240
hexagone_5,70,92,129,125,230_Hexagone5.jpg,320,240
hexagone_5,202,113,40,44,231_Hexagone5.jpg,320,240
hexagone_5,59,88,127,126,232_Hexagone5.jpg,320,240
hexagone_5,131,116,65,65,233_Hexagone5.jpg,320,240
hexagone_5,42,85,133,133,234_Hexagone5.jpg,320,240
hexagone_5,108,114,35,44,235_Hexagone5.jpg,320,240
hexagone_5,104,37,47,43,236_Hexagone5.jpg,320,240
hexagone_5,128,172,50,56,237_Hexagone5.jpg,320,240
hexagone_5,179,114,32,37,238_Hexagone5.jpg,320,240
hexagone_5,143,63,97,96,239_Hexagone5.jpg,320,240
hexagone_5,156,115,49,56,240_Hexagone5.jpg,320,240
hexagone_5,72,37,46,44,241_Hexagone5.jpg,320,240
hexagone_5,170,122,51,62,242_Hexagone5.jpg,320,240
hexagone_5,234,39,61,69,243_Hexagone5.jpg,320,240
hexagone_5,146,136,50,55,244_Hexagone5.jpg,320,240
hexagone_5,24,36,51,47,245_Hexagone5.jpg,320,240
hexagone_5,151,133,47,48,246_Hexagone5.jpg,320,240
hexagone_5,110,25,93,89,247_Hexagone5.jpg,320,240
hexagone_5,62,135,43,51,248_Hexagone5.jpg,320,240
hexagone_5,61,35,46,45,249_Hexagone5.jpg,320,240
hexagone_5,140,134,47,49,250_Hexagone5.jpg,320,240
hexagone_5,146,45,54,60,251_Hexagone5.jpg,320,240
hexagone_5,134,134,40,46,252_Hexagone5.jpg,320,240
hexagone_5,35,115,64,61,253_Hexagone5.jpg,320,240
hexagone_5,112,135,44,47,254_Hexagone5.jpg,320,240
hexagone_5,27,110,56,52,255_Hexagone5.jpg,320,240
hexagone_5,115,136,42,45,256_Hexagone5.jpg,320,240
hexagone_5,37,114,55,50,257_Hexagone5.jpg,320,240
hexagone_5,152,136,53,59,258_Hexagone5.jpg,320,240
hexagone_5,127,174,50,54,259_Hexagone5.jpg,320,240
hexagone_5,117,36,51,56,260_Hexagone5.jpg,320,240
hexagone_5,62,66,105,99,261_Hexagone5.jpg,320,240
hexagone_5,152,135,55,58,262_Hexagone5.jpg,320,240
hexagone_5,66,134,46,48,263_Hexagone5.jpg,320,240
hexagone_5,102,135,41,38,264_Hexagone5.jpg,320,240
hexagone_5,115,133,36,42,265_Hexagone5.jpg,320,240
hexagone_5,155,133,29,32,266_Hexagone5.jpg,320,240
hexagone_5,135,134,38,38,267_Hexagone5.jpg,320,240
hexagone_5,126,132,31,37,268_Hexagone5.jpg,320,240
hexagone_5,171,132,47,57,269_Hexagone5.jpg,320,240
hexagone_5,195,132,27,30,270_Hexagone5.jpg,320,240
hexagone_5,191,132,28,29,271_Hexagone5.jpg,320,240
