No_Shape,120,74,34,32,1_NoShape.jpg,320,240
No_Shape,147,58,32,31,2_NoShape.jpg,320,240
No_Shape,127,142,40,39,3_NoShape.jpg,320,240
No_Shape,84,80,39,34,4_NoShape.jpg,320,240
No_Shape,185,62,32,29,5_NoShape.jpg,320,240
No_Shape,175,49,25,27,6_NoShape.jpg,320,240
No_Shape,189,60,25,24,7_NoShape.jpg,320,240
No_Shape,152,51,24,23,8_NoShape.jpg,320,240
No_Shape,197,55,48,45,9_NoShape.jpg,320,240
No_Shape,209,150,68,63,10_NoShape.jpg,320,240
No_Shape,240,56,80,69,11_NoShape.jpg,320,240
No_Shape,62,89,68,66,12_NoShape.jpg,320,240
No_Shape,81,100,42,41,13_NoShape.jpg,320,240
No_Shape,72,32,30,28,14_NoShape.jpg,320,240
No_Shape,131,63,35,32,15_NoShape.jpg,320,240
No_Shape,163,53,39,36,16_NoShape.jpg,320,240
No_Shape,13,99,33,36,17_NoShape.jpg,320,240
No_Shape,182,42,49,46,18_NoShape.jpg,320,240
No_Shape,97,67,45,40,19_NoShape.jpg,320,240
No_Shape,145,43,60,72,20_NoShape.jpg,320,240
No_Shape,140,81,75,63,21_NoShape.jpg,320,240
No_Shape,10,96,79,72,22_NoShape.jpg,320,240
No_Shape,78,47,46,41,23_NoShape.jpg,320,240
No_Shape,104,121,75,58,24_NoShape.jpg,320,240
No_Shape,156,76,84,78,25_NoShape.jpg,320,240
No_Shape,156,96,62,59,26_NoShape.jpg,320,240
No_Shape,49,140,49,47,27_NoShape.jpg,320,240
No_Shape,78,33,64,61,28_NoShape.jpg,320,240
No_Shape,42,36,59,63,29_NoShape.jpg,320,240
No_Shape,144,48,59,60,30_NoShape.jpg,320,240
No_Shape,66,80,59,57,31_NoShape.jpg,320,240
No_Shape,83,49,48,46,32_NoShape.jpg,320,240
No_Shape,193,40,121,106,33_NoShape.jpg,320,240
No_Shape,99,79,85,87,34_NoShape.jpg,320,240
No_Shape,19,69,53,54,35_NoShape.jpg,320,240
No_Shape,62,49,56,51,36_NoShape.jpg,320,240
No_Shape,86,47,83,73,37_NoShape.jpg,320,240
No_Shape,232,106,68,63,38_NoShape.jpg,320,240
No_Shape,84,108,93,100,39_NoShape.jpg,320,240
No_Shape,87,79,97,98,40_NoShape.jpg,320,240
No_Shape,135,60,83,82,41_NoShape.jpg,320,240
No_Shape,138,108,96,88,42_NoShape.jpg,320,240
No_Shape,145,30,106,112,43_NoShape.jpg,320,240
No_Shape,154,132,88,89,44_NoShape.jpg,320,240
No_Shape,77,72,67,71,45_NoShape.jpg,320,240
No_Shape,84,50,55,54,46_NoShape.jpg,320,240
No_Shape,37,59,73,83,47_NoShape.jpg,320,240
No_Shape,103,61,58,59,48_NoShape.jpg,320,240
No_Shape,44,45,74,87,49_NoShape.jpg,320,240
No_Shape,197,41,71,65,50_NoShape.jpg,320,240
No_Shape,27,55,75,74,51_NoShape.jpg,320,240
No_Shape,73,60,63,65,52_NoShape.jpg,320,240
No_Shape,75,95,90,89,53_NoShape.jpg,320,240
No_Shape,42,51,96,93,54_NoShape.jpg,320,240
No_Shape,200,85,112,104,55_NoShape.jpg,320,240
No_Shape,83,48,94,93,56_NoShape.jpg,320,240
No_Shape,128,81,103,83,57_NoShape.jpg,320,240
No_Shape,55,118,95,87,58_NoShape.jpg,320,240
No_Shape,155,56,104,97,59_NoShape.jpg,320,240
No_Shape,81,98,99,100,60_NoShape.jpg,320,240
No_Shape,80,23,100,87,61_NoShape.jpg,320,240
No_Shape,116,26,103,100,62_NoShape.jpg,320,240
No_Shape,163,64,110,110,63_NoShape.jpg,320,240
No_Shape,49,61,79,74,64_NoShape.jpg,320,240
No_Shape,120,61,95,87,65_NoShape.jpg,320,240
No_Shape,152,130,83,79,66_NoShape.jpg,320,240
No_Shape,214,118,93,84,67_NoShape.jpg,320,240
No_Shape,28,28,107,115,68_NoShape.jpg,320,240
No_Shape,188,87,95,90,69_NoShape.jpg,320,240
No_Shape,70,74,93,95,70_NoShape.jpg,320,240
No_Shape,198,29,83,84,71_NoShape.jpg,320,240
No_Shape,21,63,86,78,72_NoShape.jpg,320,240
No_Shape,62,137,83,74,73_NoShape.jpg,320,240
No_Shape,5,10,103,96,74_NoShape.jpg,320,240
No_Shape,120,33,103,93,75_NoShape.jpg,320,240
No_Shape,89,153,70,70,76_NoShape.jpg,320,240
No_Shape,91,137,87,77,77_NoShape.jpg,320,240
No_Shape,9,17,93,90,78_NoShape.jpg,320,240
No_Shape,205,44,87,83,79_NoShape.jpg,320,240
No_Shape,179,50,85,69,80_NoShape.jpg,320,240
No_Shape,39,94,84,69,81_NoShape.jpg,320,240
No_Shape,236,40,72,76,82_NoShape.jpg,320,240
No_Shape,143,133,101,93,83_NoShape.jpg,320,240
No_Shape,26,73,96,85,84_NoShape.jpg,320,240
No_Shape,148,20,102,82,85_NoShape.jpg,320,240
No_Shape,11,46,114,94,86_NoShape.jpg,320,240
No_Shape,23,26,87,82,87_NoShape.jpg,320,240
No_Shape,212,39,85,85,88_NoShape.jpg,320,240
No_Shape,116,31,92,95,89_NoShape.jpg,320,240
No_Shape,59,49,88,83,90_NoShape.jpg,320,240
No_Shape,25,53,85,92,91_NoShape.jpg,320,240
No_Shape,97,60,96,103,92_NoShape.jpg,320,240
No_Shape,58,78,79,76,93_NoShape.jpg,320,240
No_Shape,160,102,79,61,94_NoShape.jpg,320,240
No_Shape,85,2,80,69,95_NoShape.jpg,320,240
No_Shape,220,10,79,74,96_NoShape.jpg,320,240
No_Shape,111,111,57,54,97_NoShape.jpg,320,240
No_Shape,192,47,73,73,98_NoShape.jpg,320,240
No_Shape,142,30,71,75,99_NoShape.jpg,320,240
No_Shape,62,93,62,63,100_NoShape.jpg,320,240
No_Shape,158,49,52,55,101_NoShape.jpg,320,240
No_Shape,161,72,78,62,102_NoShape.jpg,320,240
No_Shape,227,69,71,58,103_NoShape.jpg,320,240
No_Shape,191,79,77,73,104_NoShape.jpg,320,240
No_Shape,41,87,64,65,105_NoShape.jpg,320,240
No_Shape,219,60,57,60,106_NoShape.jpg,320,240
No_Shape,87,90,64,70,107_NoShape.jpg,320,240
No_Shape,147,58,76,73,108_NoShape.jpg,320,240
No_Shape,246,93,67,60,109_NoShape.jpg,320,240
No_Shape,5,39,85,76,110_NoShape.jpg,320,240
No_Shape,173,69,80,80,111_NoShape.jpg,320,240
No_Shape,259,115,61,60,112_NoShape.jpg,320,240
No_Shape,228,119,84,80,113_NoShape.jpg,320,240
No_Shape,195,38,89,81,114_NoShape.jpg,320,240
No_Shape,197,63,91,87,115_NoShape.jpg,320,240
No_Shape,225,58,86,69,116_NoShape.jpg,320,240
No_Shape,14,55,100,92,117_NoShape.jpg,320,240
No_Shape,226,127,77,71,118_NoShape.jpg,320,240
No_Shape,238,104,2,1,119_NoShape.jpg,320,240
No_Shape,11,13,91,81,119_NoShape.jpg,320,240
No_Shape,24,111,87,66,120_NoShape.jpg,320,240
No_Shape,176,83,85,80,121_NoShape.jpg,320,240
No_Shape,228,156,90,79,122_NoShape.jpg,320,240
No_Shape,208,54,64,59,123_NoShape.jpg,320,240
No_Shape,216,100,71,64,124_NoShape.jpg,320,240
No_Shape,221,43,61,53,125_NoShape.jpg,320,240
No_Shape,240,99,61,58,126_NoShape.jpg,320,240
No_Shape,3,62,80,71,127_NoShape.jpg,320,240
No_Shape,168,40,73,69,128_NoShape.jpg,320,240
No_Shape,2,61,89,80,129_NoShape.jpg,320,240
No_Shape,139,78,62,63,130_NoShape.jpg,320,240
No_Shape,211,52,104,90,131_NoShape.jpg,320,240
No_Shape,165,84,71,66,132_NoShape.jpg,320,240
No_Shape,212,117,89,83,133_NoShape.jpg,320,240
No_Shape,4,8,89,91,134_NoShape.jpg,320,240
No_Shape,164,61,80,76,135_NoShape.jpg,320,240
No_Shape,226,132,86,88,136_NoShape.jpg,320,240
No_Shape,137,74,78,71,137_NoShape.jpg,320,240
No_Shape,156,95,75,65,138_NoShape.jpg,320,240
No_Shape,146,102,81,73,139_NoShape.jpg,320,240
No_Shape,54,75,56,68,140_NoShape.jpg,320,240
No_Shape,211,96,69,70,141_NoShape.jpg,320,240
No_Shape,220,62,85,82,142_NoShape.jpg,320,240
No_Shape,18,38,62,55,143_NoShape.jpg,320,240
No_Shape,155,116,65,64,145_NoShape.jpg,320,240
No_Shape,197,28,77,76,146_NoShape.jpg,320,240
No_Shape,62,55,56,58,147_NoShape.jpg,320,240
No_Shape,101,21,61,68,148_NoShape.jpg,320,240
No_Shape,31,83,69,64,149_NoShape.jpg,320,240
No_Shape,44,22,69,58,150_NoShape.jpg,320,240
No_Shape,144,63,59,56,151_NoShape.jpg,320,240
No_Shape,39,14,63,59,152_NoShape.jpg,320,240
No_Shape,199,80,72,75,153_NoShape.jpg,320,240
No_Shape,233,41,77,65,154_NoShape.jpg,320,240
No_Shape,237,38,73,75,155_NoShape.jpg,320,240
No_Shape,32,4,72,63,156_NoShape.jpg,320,240
No_Shape,119,34,66,66,158_NoShape.jpg,320,240
No_Shape,222,96,60,57,159_NoShape.jpg,320,240
No_Shape,170,29,66,67,160_NoShape.jpg,320,240
No_Shape,9,101,64,68,161_NoShape.jpg,320,240
No_Shape,54,9,60,61,162_NoShape.jpg,320,240
No_Shape,8,99,68,66,163_NoShape.jpg,320,240
No_Shape,62,10,65,55,164_NoShape.jpg,320,240
No_Shape,21,20,71,71,165_NoShape.jpg,320,240
No_Shape,200,52,86,66,166_NoShape.jpg,320,240
No_Shape,58,42,79,76,167_NoShape.jpg,320,240
No_Shape,201,82,91,79,168_NoShape.jpg,320,240
No_Shape,62,77,83,77,169_NoShape.jpg,320,240
No_Shape,54,14,75,64,170_NoShape.jpg,320,240
No_Shape,64,47,74,67,171_NoShape.jpg,320,240
No_Shape,25,35,72,77,172_NoShape.jpg,320,240
No_Shape,164,81,75,89,173_NoShape.jpg,320,240
No_Shape,66,22,83,68,174_NoShape.jpg,320,240
No_Shape,234,106,86,84,175_NoShape.jpg,320,240
No_Shape,178,90,82,69,176_NoShape.jpg,320,240
No_Shape,218,31,98,88,177_NoShape.jpg,320,240
No_Shape,85,39,102,103,178_NoShape.jpg,320,240
No_Shape,150,136,69,61,179_NoShape.jpg,320,240
No_Shape,110,76,107,104,180_NoShape.jpg,320,240
No_Shape,153,91,67,62,181_NoShape.jpg,320,240
No_Shape,87,58,117,110,182_NoShape.jpg,320,240
No_Shape,103,66,75,70,183_NoShape.jpg,320,240
No_Shape,25,47,88,86,184_NoShape.jpg,320,240
No_Shape,129,64,78,72,185_NoShape.jpg,320,240
No_Shape,197,50,107,89,186_NoShape.jpg,320,240
No_Shape,169,52,88,93,187_NoShape.jpg,320,240
No_Shape,185,48,107,95,188_NoShape.jpg,320,240
No_Shape,33,138,112,97,189_NoShape.jpg,320,240
No_Shape,102,59,58,54,190_NoShape.jpg,320,240
No_Shape,182,75,71,65,191_NoShape.jpg,320,240
No_Shape,168,61,91,81,192_NoShape.jpg,320,240
No_Shape,207,94,94,77,193_NoShape.jpg,320,240
No_Shape,185,59,103,95,194_NoShape.jpg,320,240
No_Shape,208,31,102,77,195_NoShape.jpg,320,240
No_Shape,220,96,86,81,196_NoShape.jpg,320,240
No_Shape,106,14,99,86,197_NoShape.jpg,320,240
No_Shape,36,97,91,81,198_NoShape.jpg,320,240
No_Shape,156,155,110,85,199_NoShape.jpg,320,240
No_Shape,173,20,79,61,200_NoShape.jpg,320,240
No_Shape,170,31,81,70,201_NoShape.jpg,320,240
No_Shape,10,21,104,92,202_NoShape.jpg,320,240
No_Shape,234,82,86,87,204_NoShape.jpg,320,240
No_Shape,100,114,100,89,205_NoShape.jpg,320,240
No_Shape,156,29,96,82,206_NoShape.jpg,320,240
No_Shape,5,92,97,82,207_NoShape.jpg,320,240
No_Shape,129,112,83,76,208_NoShape.jpg,320,240
No_Shape,200,61,87,79,209_NoShape.jpg,320,240
No_Shape,3,134,87,67,210_NoShape.jpg,320,240
No_Shape,151,26,89,75,211_NoShape.jpg,320,240
No_Shape,197,134,83,77,212_NoShape.jpg,320,240
No_Shape,184,131,89,84,213_NoShape.jpg,320,240
No_Shape,196,18,83,89,214_NoShape.jpg,320,240
No_Shape,191,103,86,62,215_NoShape.jpg,320,240
No_Shape,211,70,83,81,217_NoShape.jpg,320,240
No_Shape,183,133,83,79,218_NoShape.jpg,320,240
No_Shape,221,39,91,82,219_NoShape.jpg,320,240
No_Shape,187,27,92,85,220_NoShape.jpg,320,240
No_Shape,212,42,91,84,221_NoShape.jpg,320,240
No_Shape,182,46,87,75,222_NoShape.jpg,320,240
No_Shape,206,21,107,87,223_NoShape.jpg,320,240
No_Shape,159,69,82,83,224_NoShape.jpg,320,240
No_Shape,71,119,81,72,225_NoShape.jpg,320,240
No_Shape,28,117,74,76,226_NoShape.jpg,320,240
No_Shape,123,123,72,76,227_NoShape.jpg,320,240
No_Shape,235,93,85,77,228_NoShape.jpg,320,240
No_Shape,84,129,79,59,229_NoShape.jpg,320,240
No_Shape,187,72,79,76,230_NoShape.jpg,320,240
No_Shape,159,30,83,85,233_NoShape.jpg,320,240
No_Shape,245,68,68,87,234_NoShape.jpg,320,240
No_Shape,144,72,78,87,235_NoShape.jpg,320,240
No_Shape,70,156,94,83,236_NoShape.jpg,320,240
No_Shape,170,27,115,80,237_NoShape.jpg,320,240
No_Shape,34,121,69,68,238_NoShape.jpg,320,240
No_Shape,135,167,81,63,239_NoShape.jpg,320,240
No_Shape,250,78,70,77,240_NoShape.jpg,320,240
No_Shape,170,39,91,81,241_NoShape.jpg,320,240
No_Shape,52,130,74,67,242_NoShape.jpg,320,240
No_Shape,201,48,80,80,243_NoShape.jpg,320,240
No_Shape,189,74,64,71,244_NoShape.jpg,320,240
No_Shape,22,90,89,79,245_NoShape.jpg,320,240
No_Shape,218,119,71,68,246_NoShape.jpg,320,240
No_Shape,192,53,67,88,247_NoShape.jpg,320,240
No_Shape,220,46,87,87,248_NoShape.jpg,320,240
No_Shape,207,52,73,68,249_NoShape.jpg,320,240
No_Shape,21,105,87,81,250_NoShape.jpg,320,240
No_Shape,243,78,77,94,251_NoShape.jpg,320,240
No_Shape,167,123,89,80,252_NoShape.jpg,320,240
No_Shape,150,25,82,68,253_NoShape.jpg,320,240
No_Shape,183,28,89,74,254_NoShape.jpg,320,240
No_Shape,181,25,91,75,255_NoShape.jpg,320,240
No_Shape,136,56,99,88,256_NoShape.jpg,320,240
No_Shape,30,63,67,68,257_NoShape.jpg,320,240
No_Shape,71,64,85,72,258_NoShape.jpg,320,240
No_Shape,126,75,72,70,259_NoShape.jpg,320,240
No_Shape,29,101,89,68,260_NoShape.jpg,320,240
No_Shape,130,87,68,67,261_NoShape.jpg,320,240
No_Shape,4,89,78,78,262_NoShape.jpg,320,240
No_Shape,80,8,76,60,263_NoShape.jpg,320,240
No_Shape,155,87,91,83,264_NoShape.jpg,320,240
No_Shape,112,4,78,71,265_NoShape.jpg,320,240
No_Shape,143,85,62,56,266_NoShape.jpg,320,240
No_Shape,170,37,67,73,267_NoShape.jpg,320,240
No_Shape,22,47,70,58,268_NoShape.jpg,320,240
No_Shape,19,11,69,57,269_NoShape.jpg,320,240
No_Shape,64,21,64,55,270_NoShape.jpg,320,240
No_Shape,159,182,80,58,271_NoShape.jpg,320,240
No_Shape,30,44,74,87,272_NoShape.jpg,320,240
No_Shape,94,131,97,63,273_NoShape.jpg,320,240
No_Shape,38,12,79,70,274_NoShape.jpg,320,240
No_Shape,46,32,74,58,275_NoShape.jpg,320,240
No_Shape,30,69,79,72,276_NoShape.jpg,320,240
No_Shape,77,27,84,69,277_NoShape.jpg,320,240
No_Shape,91,49,96,81,278_NoShape.jpg,320,240
No_Shape,78,32,78,71,279_NoShape.jpg,320,240
No_Shape,42,19,85,66,280_NoShape.jpg,320,240
No_Shape,67,40,68,65,281_NoShape.jpg,320,240
No_Shape,179,25,69,66,282_NoShape.jpg,320,240
No_Shape,67,40,76,63,283_NoShape.jpg,320,240
No_Shape,104,19,58,50,284_NoShape.jpg,320,240
No_Shape,62,14,57,57,285_NoShape.jpg,320,240
No_Shape,145,35,58,65,286_NoShape.jpg,320,240
No_Shape,198,17,60,64,287_NoShape.jpg,320,240
No_Shape,5,31,65,52,288_NoShape.jpg,320,240
No_Shape,34,102,85,73,289_NoShape.jpg,320,240
No_Shape,137,30,68,65,290_NoShape.jpg,320,240
No_Shape,54,114,69,59,291_NoShape.jpg,320,240
No_Shape,87,51,94,72,292_NoShape.jpg,320,240
No_Shape,195,37,85,83,293_NoShape.jpg,320,240
No_Shape,62,25,85,72,294_NoShape.jpg,320,240
No_Shape,125,42,59,63,295_NoShape.jpg,320,240
No_Shape,65,39,60,48,296_NoShape.jpg,320,240
No_Shape,85,33,62,52,297_NoShape.jpg,320,240
No_Shape,59,35,65,63,298_NoShape.jpg,320,240
No_Shape,185,18,60,48,299_NoShape.jpg,320,240
No_Shape,39,137,75,78,300_NoShape.jpg,320,240
No_Shape,46,9,58,51,301_NoShape.jpg,320,240
No_Shape,81,32,57,51,302_NoShape.jpg,320,240
No_Shape,139,19,61,53,303_NoShape.jpg,320,240
No_Shape,51,26,53,46,304_NoShape.jpg,320,240
No_Shape,87,33,60,60,305_NoShape.jpg,320,240
No_Shape,152,39,79,75,308_NoShape.jpg,320,240
No_Shape,169,65,64,54,309_NoShape.jpg,320,240
No_Shape,31,140,48,67,310_NoShape.jpg,320,240
No_Shape,25,45,78,77,311_NoShape.jpg,320,240
