Triangle_2,194,113,38,36,100_Triangle2.jpg,320,240
Triangle_2,266,42,54,74,101_Triangle2.jpg,320,240
Triangle_2,143,46,30,29,102_Triangle2.jpg,320,240
Triangle_2,0,39,96,118,103_Triangle2.jpg,320,240
Triangle_2,160,50,31,31,104_Triangle2.jpg,320,240
Triangle_2,72,40,93,97,105_Triangle2.jpg,320,240
Triangle_2,133,45,31,30,106_Triangle2.jpg,320,240
Triangle_2,0,40,97,117,107_Triangle2.jpg,320,240
Triangle_2,154,162,73,73,108_Triangle2.jpg,320,240
Triangle_2,124,56,51,44,109_Triangle2.jpg,320,240
Triangle_2,0,58,76,75,10_Triangle2.jpg,320,240
Triangle_2,217,32,33,39,110_Triangle2.jpg,320,240
Triangle_2,132,25,106,110,111_Triangle2.jpg,320,240
Triangle_2,167,47,31,31,112_Triangle2.jpg,320,240
Triangle_2,35,46,88,87,113_Triangle2.jpg,320,240
Triangle_2,156,66,59,60,114_Triangle2.jpg,320,240
Triangle_2,50,41,114,110,115_Triangle2.jpg,320,240
Triangle_2,160,43,111,111,116_Triangle2.jpg,320,240
Triangle_2,156,54,31,30,117_Triangle2.jpg,320,240
Triangle_2,179,45,82,82,118_Triangle2.jpg,320,240
Triangle_2,167,47,31,31,119_Triangle2.jpg,320,240
Triangle_2,0,59,76,74,11_Triangle2.jpg,320,240
Triangle_2,150,30,94,121,120_Triangle2.jpg,320,240
Triangle_2,154,154,69,69,121_Triangle2.jpg,320,240
Triangle_2,218,55,41,43,122_Triangle2.jpg,320,240
Triangle_2,160,64,49,48,123_Triangle2.jpg,320,240
Triangle_2,168,51,33,34,124_Triangle2.jpg,320,240
Triangle_2,179,44,82,84,125_Triangle2.jpg,320,240
Triangle_2,156,66,59,60,126_Triangle2.jpg,320,240
Triangle_2,76,23,106,119,127_Triangle2.jpg,320,240
Triangle_2,168,51,33,34,128_Triangle2.jpg,320,240
Triangle_2,148,33,114,116,129_Triangle2.jpg,320,240
Triangle_2,158,69,75,69,12_Triangle2.jpg,320,240
Triangle_2,203,51,96,106,130_Triangle2.jpg,320,240
Triangle_2,167,51,33,34,131_Triangle2.jpg,320,240
Triangle_2,148,33,114,116,132_Triangle2.jpg,320,240
Triangle_2,35,46,88,88,133_Triangle2.jpg,320,240
Triangle_2,248,143,60,60,134_Triangle2.jpg,320,240
Triangle_2,0,26,141,158,135_Triangle2.jpg,320,240
Triangle_2,51,11,103,100,136_Triangle2.jpg,320,240
Triangle_2,154,155,70,69,137_Triangle2.jpg,320,240
Triangle_2,109,76,66,63,138_Triangle2.jpg,320,240
Triangle_2,147,72,41,40,139_Triangle2.jpg,320,240
Triangle_2,160,69,73,68,13_Triangle2.jpg,320,240
Triangle_2,74,30,74,132,140_Triangle2.jpg,320,240
Triangle_2,168,52,33,34,141_Triangle2.jpg,320,240
Triangle_2,202,34,114,115,142_Triangle2.jpg,320,240
Triangle_2,0,45,69,83,143_Triangle2.jpg,320,240
Triangle_2,157,66,58,60,144_Triangle2.jpg,320,240
Triangle_2,168,51,33,34,145_Triangle2.jpg,320,240
Triangle_2,203,34,113,115,146_Triangle2.jpg,320,240
Triangle_2,196,41,109,106,147_Triangle2.jpg,320,240
Triangle_2,168,52,33,33,148_Triangle2.jpg,320,240
Triangle_2,149,39,111,113,149_Triangle2.jpg,320,240
Triangle_2,150,63,74,70,14_Triangle2.jpg,320,240
Triangle_2,121,104,26,27,150_Triangle2.jpg,320,240
Triangle_2,157,66,59,60,151_Triangle2.jpg,320,240
Triangle_2,260,58,54,49,152_Triangle2.jpg,320,240
Triangle_2,85,42,96,99,153_Triangle2.jpg,320,240
Triangle_2,101,36,98,101,154_Triangle2.jpg,320,240
Triangle_2,168,51,34,34,155_Triangle2.jpg,320,240
Triangle_2,92,74,86,89,156_Triangle2.jpg,320,240
Triangle_2,190,44,115,114,157_Triangle2.jpg,320,240
Triangle_2,277,234,82,84,158_Triangle2.jpg,642,483
Triangle_2,156,66,59,61,159_Triangle2.jpg,320,240
Triangle_2,151,62,73,71,15_Triangle2.jpg,320,240
Triangle_2,149,39,112,112,160_Triangle2.jpg,320,240
Triangle_2,205,47,115,117,161_Triangle2.jpg,320,240
Triangle_2,168,51,34,34,162_Triangle2.jpg,320,240
Triangle_2,218,55,42,42,163_Triangle2.jpg,320,240
Triangle_2,191,6,103,98,164_Triangle2.jpg,320,240
Triangle_2,198,32,122,150,165_Triangle2.jpg,320,240
Triangle_2,161,50,31,32,166_Triangle2.jpg,320,240
Triangle_2,204,39,109,107,167_Triangle2.jpg,320,240
Triangle_2,168,52,34,34,168_Triangle2.jpg,320,240
Triangle_2,154,44,107,110,169_Triangle2.jpg,320,240
Triangle_2,49,39,115,114,16_Triangle2.jpg,320,240
Triangle_2,48,26,103,124,170_Triangle2.jpg,320,240
Triangle_2,169,51,33,34,171_Triangle2.jpg,320,240
Triangle_2,197,31,123,152,172_Triangle2.jpg,320,240
Triangle_2,174,105,58,58,173_Triangle2.jpg,320,240
Triangle_2,152,31,126,125,174_Triangle2.jpg,320,240
Triangle_2,104,138,71,72,175_Triangle2.jpg,320,240
Triangle_2,79,121,54,52,176_Triangle2.jpg,320,240
Triangle_2,169,52,33,34,177_Triangle2.jpg,320,240
Triangle_2,41,43,109,108,178_Triangle2.jpg,320,240
Triangle_2,43,38,124,123,179_Triangle2.jpg,320,240
Triangle_2,184,181,99,59,17_Triangle2.jpg,320,240
Triangle_2,63,44,95,98,180_Triangle2.jpg,320,240
Triangle_2,169,51,33,34,181_Triangle2.jpg,320,240
Triangle_2,0,40,113,109,182_Triangle2.jpg,320,240
Triangle_2,107,40,122,127,183_Triangle2.jpg,320,240
Triangle_2,168,52,33,34,184_Triangle2.jpg,320,240
Triangle_2,0,39,113,111,185_Triangle2.jpg,320,240
Triangle_2,0,18,123,151,186_Triangle2.jpg,320,240
Triangle_2,16,57,88,151,187_Triangle2.jpg,320,240
Triangle_2,104,107,56,55,188_Triangle2.jpg,320,240
Triangle_2,218,145,163,161,189_Triangle2.jpg,725,579
Triangle_2,91,37,93,113,18_Triangle2.jpg,320,240
Triangle_2,169,52,33,33,190_Triangle2.jpg,320,240
Triangle_2,3,45,123,117,191_Triangle2.jpg,320,240
Triangle_2,76,39,94,99,192_Triangle2.jpg,320,240
Triangle_2,213,47,107,103,193_Triangle2.jpg,320,240
Triangle_2,216,55,44,43,194_Triangle2.jpg,320,240
Triangle_2,0,39,96,119,195_Triangle2.jpg,320,240
Triangle_2,0,20,136,148,196_Triangle2.jpg,320,240
Triangle_2,216,55,44,43,197_Triangle2.jpg,320,240
Triangle_2,34,46,128,125,198_Triangle2.jpg,320,240
Triangle_2,264,45,56,96,199_Triangle2.jpg,320,240
Triangle_2,175,123,36,38,19_Triangle2.jpg,320,240
Triangle_2,213,141,57,57,1_Triangle2.jpg,320,240
Triangle_2,207,112,44,44,200_Triangle2.jpg,320,240
Triangle_2,162,32,80,104,201_Triangle2.jpg,320,240
Triangle_2,216,55,44,43,202_Triangle2.jpg,320,240
Triangle_2,134,33,52,53,203_Triangle2.jpg,320,240
Triangle_2,0,39,97,118,204_Triangle2.jpg,320,240
Triangle_2,160,51,31,30,205_Triangle2.jpg,320,240
Triangle_2,216,45,104,104,206_Triangle2.jpg,320,240
Triangle_2,216,54,119,127,207_Triangle2.jpg,635,475
Triangle_2,197,33,123,151,208_Triangle2.jpg,320,240
Triangle_2,109,48,89,92,209_Triangle2.jpg,320,240
Triangle_2,115,27,111,113,20_Triangle2.jpg,320,240
Triangle_2,216,55,44,43,210_Triangle2.jpg,320,240
Triangle_2,84,130,79,75,211_Triangle2.jpg,320,240
Triangle_2,183,103,36,37,212_Triangle2.jpg,320,240
Triangle_2,154,44,108,109,213_Triangle2.jpg,320,240
Triangle_2,125,19,135,141,214_Triangle2.jpg,320,240
Triangle_2,216,55,44,43,215_Triangle2.jpg,320,240
Triangle_2,197,32,123,151,216_Triangle2.jpg,320,240
Triangle_2,185,115,41,39,217_Triangle2.jpg,320,240
Triangle_2,43,39,124,123,218_Triangle2.jpg,320,240
Triangle_2,150,130,32,32,219_Triangle2.jpg,320,240
Triangle_2,156,48,54,83,21_Triangle2.jpg,320,240
Triangle_2,166,3,34,36,220_Triangle2.jpg,320,240
Triangle_2,18,110,113,93,221_Triangle2.jpg,320,240
Triangle_2,129,128,37,38,222_Triangle2.jpg,320,240
Triangle_2,119,141,56,55,223_Triangle2.jpg,320,240
Triangle_2,55,95,83,89,224_Triangle2.jpg,320,240
Triangle_2,200,112,114,103,225_Triangle2.jpg,320,240
Triangle_2,0,93,46,53,226_Triangle2.jpg,320,240
Triangle_2,157,97,46,47,227_Triangle2.jpg,320,240
Triangle_2,144,94,51,52,228_Triangle2.jpg,320,240
Triangle_2,160,92,54,57,229_Triangle2.jpg,320,240
Triangle_2,179,24,71,68,22_Triangle2.jpg,320,240
Triangle_2,173,124,66,68,230_Triangle2.jpg,320,240
Triangle_2,198,121,85,85,231_Triangle2.jpg,320,240
Triangle_2,120,146,62,54,232_Triangle2.jpg,320,240
Triangle_2,103,147,44,48,233_Triangle2.jpg,320,240
Triangle_2,130,149,61,63,234_Triangle2.jpg,320,240
Triangle_2,218,55,42,43,235_Triangle2.jpg,320,240
Triangle_2,162,103,36,38,236_Triangle2.jpg,320,240
Triangle_2,171,110,39,57,237_Triangle2.jpg,320,240
Triangle_2,186,116,53,59,238_Triangle2.jpg,320,240
Triangle_2,107,129,46,48,239_Triangle2.jpg,320,240
Triangle_2,179,24,71,69,23_Triangle2.jpg,320,240
Triangle_2,152,129,40,60,240_Triangle2.jpg,320,240
Triangle_2,152,129,39,59,241_Triangle2.jpg,320,240
Triangle_2,164,128,65,70,242_Triangle2.jpg,320,240
Triangle_2,107,127,66,67,243_Triangle2.jpg,320,240
Triangle_2,115,127,51,62,244_Triangle2.jpg,320,240
Triangle_2,145,126,59,65,245_Triangle2.jpg,320,240
Triangle_2,80,128,94,97,246_Triangle2.jpg,320,240
Triangle_2,1358,2926,411,378,247_Triangle2.jpg,3024,4032
Triangle_2,218,117,44,42,248_Triangle2.jpg,320,240
Triangle_2,42,128,54,54,249_Triangle2.jpg,320,240
Triangle_2,153,94,49,48,24_Triangle2.jpg,320,240
Triangle_2,143,160,91,80,250_Triangle2.jpg,320,240
Triangle_2,137,131,56,67,251_Triangle2.jpg,320,240
Triangle_2,92,36,58,62,252_Triangle2.jpg,320,240
Triangle_2,91,27,113,114,253_Triangle2.jpg,320,240
Triangle_2,176,32,78,83,254_Triangle2.jpg,320,240
Triangle_2,111,33,66,86,255_Triangle2.jpg,320,240
Triangle_2,88,38,56,60,256_Triangle2.jpg,320,240
Triangle_2,133,34,50,76,257_Triangle2.jpg,320,240
Triangle_2,107,39,62,69,258_Triangle2.jpg,320,240
Triangle_2,179,143,54,54,259_Triangle2.jpg,320,240
Triangle_2,153,94,48,48,25_Triangle2.jpg,320,240
Triangle_2,218,56,41,42,260_Triangle2.jpg,320,240
Triangle_2,178,100,35,36,261_Triangle2.jpg,320,240
Triangle_2,217,55,43,43,262_Triangle2.jpg,320,240
Triangle_2,230,91,41,39,263_Triangle2.jpg,320,240
Triangle_2,124,42,57,58,264_Triangle2.jpg,320,240
Triangle_2,44,39,69,75,265_Triangle2.jpg,320,240
Triangle_2,81,34,72,75,266_Triangle2.jpg,320,240
Triangle_2,145,34,71,80,267_Triangle2.jpg,320,240
Triangle_2,170,47,40,39,268_Triangle2.jpg,320,240
Triangle_2,82,131,45,46,269_Triangle2.jpg,320,240
Triangle_2,154,114,43,41,26_Triangle2.jpg,320,240
Triangle_2,155,129,45,60,270_Triangle2.jpg,320,240
Triangle_2,150,129,52,54,271_Triangle2.jpg,320,240
Triangle_2,91,130,38,37,272_Triangle2.jpg,320,240
Triangle_2,128,129,59,65,273_Triangle2.jpg,320,240
Triangle_2,13,132,67,72,274_Triangle2.jpg,320,240
Triangle_2,171,114,63,62,275_Triangle2.jpg,320,240
Triangle_2,13,121,77,74,276_Triangle2.jpg,320,240
Triangle_2,68,35,68,74,277_Triangle2.jpg,320,240
Triangle_2,121,39,42,47,278_Triangle2.jpg,320,240
Triangle_2,126,40,44,46,279_Triangle2.jpg,320,240
Triangle_2,78,23,94,118,27_Triangle2.jpg,320,240
Triangle_2,129,38,56,60,280_Triangle2.jpg,320,240
Triangle_2,39,30,81,83,281_Triangle2.jpg,320,240
Triangle_2,170,35,39,48,282_Triangle2.jpg,320,240
Triangle_2,139,40,49,49,283_Triangle2.jpg,320,240
Triangle_2,177,41,39,38,284_Triangle2.jpg,320,240
Triangle_2,133,33,46,49,285_Triangle2.jpg,320,240
Triangle_2,160,50,31,32,286_Triangle2.jpg,320,240
Triangle_2,46,129,87,86,287_Triangle2.jpg,320,240
Triangle_2,24,35,59,59,288_Triangle2.jpg,320,240
Triangle_2,73,25,121,123,289_Triangle2.jpg,320,240
Triangle_2,231,6,38,36,28_Triangle2.jpg,320,240
Triangle_2,117,21,98,104,290_Triangle2.jpg,320,240
Triangle_2,48,22,107,114,291_Triangle2.jpg,320,240
Triangle_2,103,32,83,84,292_Triangle2.jpg,320,240
Triangle_2,119,37,52,65,293_Triangle2.jpg,320,240
Triangle_2,109,34,56,56,294_Triangle2.jpg,320,240
Triangle_2,173,40,35,36,295_Triangle2.jpg,320,240
Triangle_2,172,40,36,36,296_Triangle2.jpg,320,240
Triangle_2,169,40,49,51,297_Triangle2.jpg,320,240
Triangle_2,93,75,77,92,298_Triangle2.jpg,320,240
Triangle_2,41,143,95,91,299_Triangle2.jpg,320,240
Triangle_2,206,97,53,47,29_Triangle2.jpg,320,240
Triangle_2,56,31,108,108,2_Triangle2.jpg,320,240
Triangle_2,64,41,45,47,300_Triangle2.jpg,320,240
Triangle_2,213,38,52,51,301_Triangle2.jpg,320,240
Triangle_2,101,36,54,55,302_Triangle2.jpg,320,240
Triangle_2,69,35,45,58,303_Triangle2.jpg,320,240
Triangle_2,125,39,30,39,304_Triangle2.jpg,320,240
Triangle_2,187,38,41,43,305_Triangle2.jpg,320,240
Triangle_2,131,33,88,88,306_Triangle2.jpg,320,240
Triangle_2,105,36,58,73,307_Triangle2.jpg,320,240
Triangle_2,174,35,78,76,308_Triangle2.jpg,320,240
Triangle_2,120,37,64,80,309_Triangle2.jpg,320,240
Triangle_2,151,180,95,60,30_Triangle2.jpg,320,240
Triangle_2,123,56,53,45,310_Triangle2.jpg,320,240
Triangle_2,47,132,83,86,311_Triangle2.jpg,320,240
Triangle_2,93,75,77,92,312_Triangle2.jpg,320,240
Triangle_2,132,117,41,42,313_Triangle2.jpg,320,240
Triangle_2,127,40,57,57,314_Triangle2.jpg,320,240
Triangle_2,260,120,52,49,315_Triangle2.jpg,320,240
Triangle_2,0,14,120,141,316_Triangle2.jpg,320,240
Triangle_2,157,120,36,37,317_Triangle2.jpg,320,240
Triangle_2,94,75,76,92,318_Triangle2.jpg,320,240
Triangle_2,213,114,41,41,319_Triangle2.jpg,320,240
Triangle_2,189,25,73,63,31_Triangle2.jpg,320,240
Triangle_2,229,43,91,89,320_Triangle2.jpg,320,240
Triangle_2,131,114,55,54,321_Triangle2.jpg,320,240
Triangle_2,157,164,43,47,322_Triangle2.jpg,320,240
Triangle_2,41,43,109,107,323_Triangle2.jpg,320,240
Triangle_2,139,148,63,64,324_Triangle2.jpg,320,240
Triangle_2,94,76,76,91,325_Triangle2.jpg,320,240
Triangle_2,144,116,44,45,326_Triangle2.jpg,320,240
Triangle_2,96,74,74,93,327_Triangle2.jpg,320,240
Triangle_2,264,110,42,40,328_Triangle2.jpg,320,240
Triangle_2,95,75,75,92,329_Triangle2.jpg,320,240
Triangle_2,206,51,25,29,32_Triangle2.jpg,320,240
Triangle_2,272,107,42,41,330_Triangle2.jpg,320,240
Triangle_2,50,39,114,113,331_Triangle2.jpg,320,240
Triangle_2,47,140,83,94,332_Triangle2.jpg,320,240
Triangle_2,94,75,76,92,333_Triangle2.jpg,320,240
Triangle_2,174,106,32,33,334_Triangle2.jpg,320,240
Triangle_2,94,74,75,93,335_Triangle2.jpg,320,240
Triangle_2,254,105,48,46,336_Triangle2.jpg,320,240
Triangle_2,112,117,52,51,337_Triangle2.jpg,320,240
Triangle_2,214,120,31,31,338_Triangle2.jpg,320,240
Triangle_2,264,60,56,76,339_Triangle2.jpg,320,240
Triangle_2,185,86,59,57,33_Triangle2.jpg,320,240
Triangle_2,196,93,38,36,340_Triangle2.jpg,320,240
Triangle_2,134,93,51,48,341_Triangle2.jpg,320,240
Triangle_2,182,71,37,41,342_Triangle2.jpg,320,240
Triangle_2,260,33,42,39,343_Triangle2.jpg,320,240
Triangle_2,222,99,43,44,344_Triangle2.jpg,320,240
Triangle_2,67,174,88,66,345_Triangle2.jpg,320,240
Triangle_2,209,41,105,102,346_Triangle2.jpg,320,240
Triangle_2,209,115,61,61,347_Triangle2.jpg,320,240
Triangle_2,94,75,76,94,348_Triangle2.jpg,320,240
Triangle_2,266,69,42,43,349_Triangle2.jpg,320,240
Triangle_2,263,40,57,97,34_Triangle2.jpg,320,240
Triangle_2,95,75,75,91,350_Triangle2.jpg,320,240
Triangle_2,248,122,40,39,351_Triangle2.jpg,320,240
Triangle_2,95,74,75,94,352_Triangle2.jpg,320,240
Triangle_2,138,108,39,40,353_Triangle2.jpg,320,240
Triangle_2,95,74,75,93,354_Triangle2.jpg,320,240
Triangle_2,270,103,33,34,355_Triangle2.jpg,320,240
Triangle_2,79,24,141,147,356_Triangle2.jpg,320,240
Triangle_2,114,107,47,46,357_Triangle2.jpg,320,240
Triangle_2,94,74,76,93,358_Triangle2.jpg,320,240
Triangle_2,226,107,37,37,359_Triangle2.jpg,320,240
Triangle_2,127,83,55,56,35_Triangle2.jpg,320,240
Triangle_2,94,74,76,93,360_Triangle2.jpg,320,240
Triangle_2,213,51,29,30,361_Triangle2.jpg,320,240
Triangle_2,114,62,50,50,362_Triangle2.jpg,320,240
Triangle_2,159,114,54,55,363_Triangle2.jpg,320,240
Triangle_2,94,75,77,92,364_Triangle2.jpg,320,240
Triangle_2,167,115,41,41,365_Triangle2.jpg,320,240
Triangle_2,114,61,50,51,366_Triangle2.jpg,320,240
Triangle_2,22,51,113,106,367_Triangle2.jpg,320,240
Triangle_2,66,173,88,67,368_Triangle2.jpg,320,240
Triangle_2,217,55,43,43,369_Triangle2.jpg,320,240
Triangle_2,286,267,67,69,36_Triangle2.jpg,635,480
Triangle_2,274,109,36,34,370_Triangle2.jpg,320,240
Triangle_2,134,93,51,48,371_Triangle2.jpg,320,240
Triangle_2,192,131,46,46,372_Triangle2.jpg,320,240
Triangle_2,114,62,51,50,373_Triangle2.jpg,320,240
Triangle_2,209,102,37,36,374_Triangle2.jpg,320,240
Triangle_2,111,117,53,53,375_Triangle2.jpg,320,240
Triangle_2,235,109,47,45,376_Triangle2.jpg,320,240
Triangle_2,172,39,108,107,377_Triangle2.jpg,320,240
Triangle_2,206,55,41,41,378_Triangle2.jpg,320,240
Triangle_2,36,93,31,35,379_Triangle2.jpg,320,240
Triangle_2,107,78,57,59,37_Triangle2.jpg,320,240
Triangle_2,128,115,61,61,380_Triangle2.jpg,320,240
Triangle_2,160,49,31,33,381_Triangle2.jpg,320,240
Triangle_2,166,117,41,43,382_Triangle2.jpg,320,240
Triangle_2,114,62,50,50,383_Triangle2.jpg,320,240
Triangle_2,204,109,38,37,384_Triangle2.jpg,320,240
Triangle_2,114,61,50,51,385_Triangle2.jpg,320,240
Triangle_2,206,120,36,38,386_Triangle2.jpg,320,240
Triangle_2,114,62,51,50,387_Triangle2.jpg,320,240
Triangle_2,199,112,35,35,388_Triangle2.jpg,320,240
Triangle_2,114,61,51,52,389_Triangle2.jpg,320,240
Triangle_2,106,78,60,61,38_Triangle2.jpg,320,240
Triangle_2,162,117,42,43,390_Triangle2.jpg,320,240
Triangle_2,72,178,94,62,391_Triangle2.jpg,320,240
Triangle_2,0,39,113,111,392_Triangle2.jpg,320,240
Triangle_2,233,116,44,44,393_Triangle2.jpg,320,240
Triangle_2,114,61,51,51,394_Triangle2.jpg,320,240
Triangle_2,189,115,49,47,395_Triangle2.jpg,320,240
Triangle_2,114,61,52,52,396_Triangle2.jpg,320,240
Triangle_2,262,47,31,29,397_Triangle2.jpg,320,240
Triangle_2,112,78,59,63,398_Triangle2.jpg,320,240
Triangle_2,254,104,34,33,399_Triangle2.jpg,320,240
Triangle_2,84,78,59,62,39_Triangle2.jpg,320,240
Triangle_2,247,105,40,37,3_Triangle2.jpg,320,240
Triangle_2,114,61,51,52,400_Triangle2.jpg,320,240
Triangle_2,133,0,105,76,401_Triangle2.jpg,320,240
Triangle_2,113,61,53,51,402_Triangle2.jpg,320,240
Triangle_2,92,0,108,81,403_Triangle2.jpg,320,240
Triangle_2,114,61,51,52,404_Triangle2.jpg,320,240
Triangle_2,97,0,107,83,405_Triangle2.jpg,320,240
Triangle_2,107,20,103,105,406_Triangle2.jpg,320,240
Triangle_2,154,52,42,43,407_Triangle2.jpg,320,240
Triangle_2,114,62,52,51,408_Triangle2.jpg,320,240
Triangle_2,86,54,45,44,409_Triangle2.jpg,320,240
Triangle_2,84,77,59,62,40_Triangle2.jpg,320,240
Triangle_2,112,118,52,51,410_Triangle2.jpg,320,240
Triangle_2,139,29,99,103,411_Triangle2.jpg,320,240
Triangle_2,90,38,97,100,412_Triangle2.jpg,320,240
Triangle_2,100,14,101,108,413_Triangle2.jpg,320,240
Triangle_2,72,179,94,61,414_Triangle2.jpg,320,240
Triangle_2,51,30,83,139,415_Triangle2.jpg,320,240
Triangle_2,167,105,32,33,416_Triangle2.jpg,320,240
Triangle_2,122,100,27,37,417_Triangle2.jpg,320,240
Triangle_2,178,77,68,70,418_Triangle2.jpg,320,240
Triangle_2,114,61,52,51,419_Triangle2.jpg,320,240
Triangle_2,248,77,70,61,41_Triangle2.jpg,320,240
Triangle_2,148,89,63,62,420_Triangle2.jpg,320,240
Triangle_2,113,62,53,51,421_Triangle2.jpg,320,240
Triangle_2,179,104,75,97,422_Triangle2.jpg,320,240
Triangle_2,154,66,62,61,423_Triangle2.jpg,320,240
Triangle_2,70,82,61,58,424_Triangle2.jpg,320,240
Triangle_2,154,66,63,62,425_Triangle2.jpg,320,240
Triangle_2,154,66,62,60,426_Triangle2.jpg,320,240
Triangle_2,227,63,58,71,427_Triangle2.jpg,320,240
Triangle_2,154,65,62,61,428_Triangle2.jpg,320,240
Triangle_2,156,65,60,62,429_Triangle2.jpg,320,240
Triangle_2,248,76,71,62,42_Triangle2.jpg,320,240
Triangle_2,72,179,94,61,430_Triangle2.jpg,320,240
Triangle_2,217,55,43,43,431_Triangle2.jpg,320,240
Triangle_2,228,112,39,36,432_Triangle2.jpg,320,240
Triangle_2,156,65,61,62,433_Triangle2.jpg,320,240
Triangle_2,155,65,62,61,434_Triangle2.jpg,320,240
Triangle_2,156,66,61,61,435_Triangle2.jpg,320,240
Triangle_2,70,82,60,58,436_Triangle2.jpg,320,240
Triangle_2,103,75,65,62,437_Triangle2.jpg,320,240
Triangle_2,103,76,64,62,438_Triangle2.jpg,320,240
Triangle_2,125,76,64,62,439_Triangle2.jpg,320,240
Triangle_2,120,171,88,69,43_Triangle2.jpg,320,240
Triangle_2,4,45,122,117,440_Triangle2.jpg,320,240
Triangle_2,286,268,68,72,441_Triangle2.jpg,635,480
Triangle_2,126,76,64,62,442_Triangle2.jpg,320,240
Triangle_2,218,55,41,43,44_Triangle2.jpg,320,240
Triangle_2,257,110,41,39,45_Triangle2.jpg,320,240
Triangle_2,92,76,61,62,46_Triangle2.jpg,320,240
Triangle_2,177,109,40,39,47_Triangle2.jpg,320,240
Triangle_2,160,50,31,31,48_Triangle2.jpg,320,240
Triangle_2,152,43,61,96,49_Triangle2.jpg,320,240
Triangle_2,72,178,95,62,4_Triangle2.jpg,320,240
Triangle_2,272,43,40,38,50_Triangle2.jpg,320,240
Triangle_2,33,44,129,128,51_Triangle2.jpg,320,240
Triangle_2,92,76,61,61,52_Triangle2.jpg,320,240
Triangle_2,111,78,60,60,53_Triangle2.jpg,320,240
Triangle_2,112,78,60,62,54_Triangle2.jpg,320,240
Triangle_2,9,66,58,63,55_Triangle2.jpg,320,240
Triangle_2,119,170,89,70,56_Triangle2.jpg,320,240
Triangle_2,233,39,87,111,57_Triangle2.jpg,320,240
Triangle_2,227,101,29,30,58_Triangle2.jpg,320,240
Triangle_2,8,65,61,63,59_Triangle2.jpg,320,240
Triangle_2,0,39,113,111,5_Triangle2.jpg,320,240
Triangle_2,168,106,36,34,60_Triangle2.jpg,320,240
Triangle_2,172,71,33,38,61_Triangle2.jpg,320,240
Triangle_2,156,65,61,61,62_Triangle2.jpg,320,240
Triangle_2,267,39,42,39,63_Triangle2.jpg,320,240
Triangle_2,162,110,38,38,64_Triangle2.jpg,320,240
Triangle_2,201,53,89,85,65_Triangle2.jpg,320,240
Triangle_2,148,45,90,90,66_Triangle2.jpg,320,240
Triangle_2,141,86,49,46,67_Triangle2.jpg,320,240
Triangle_2,156,127,27,26,68_Triangle2.jpg,320,240
Triangle_2,94,176,90,64,69_Triangle2.jpg,320,240
Triangle_2,261,100,51,49,6_Triangle2.jpg,320,240
Triangle_2,217,55,43,43,70_Triangle2.jpg,320,240
Triangle_2,136,103,39,38,71_Triangle2.jpg,320,240
Triangle_2,173,36,105,107,72_Triangle2.jpg,320,240
Triangle_2,58,68,53,50,73_Triangle2.jpg,320,240
Triangle_2,157,110,35,34,74_Triangle2.jpg,320,240
Triangle_2,109,36,95,100,75_Triangle2.jpg,320,240
Triangle_2,49,39,115,113,76_Triangle2.jpg,320,240
Triangle_2,112,54,37,38,77_Triangle2.jpg,320,240
Triangle_2,219,114,41,39,78_Triangle2.jpg,320,240
Triangle_2,54,35,78,121,79_Triangle2.jpg,320,240
Triangle_2,153,114,44,43,7_Triangle2.jpg,320,240
Triangle_2,112,54,37,38,80_Triangle2.jpg,320,240
Triangle_2,106,4,39,56,81_Triangle2.jpg,320,240
Triangle_2,93,176,91,64,82_Triangle2.jpg,320,240
Triangle_2,59,111,36,35,83_Triangle2.jpg,320,240
Triangle_2,218,102,37,38,84_Triangle2.jpg,320,240
Triangle_2,58,43,124,126,85_Triangle2.jpg,320,240
Triangle_2,94,23,102,104,86_Triangle2.jpg,320,240
Triangle_2,196,41,103,100,87_Triangle2.jpg,320,240
Triangle_2,112,78,59,63,88_Triangle2.jpg,320,240
Triangle_2,220,114,40,39,89_Triangle2.jpg,320,240
Triangle_2,16,28,90,106,8_Triangle2.jpg,320,240
Triangle_2,43,33,75,123,90_Triangle2.jpg,320,240
Triangle_2,206,45,90,87,91_Triangle2.jpg,320,240
Triangle_2,112,54,38,38,92_Triangle2.jpg,320,240
Triangle_2,242,118,46,43,93_Triangle2.jpg,320,240
Triangle_2,150,32,115,113,94_Triangle2.jpg,320,240
Triangle_2,151,161,77,79,95_Triangle2.jpg,320,240
Triangle_2,218,54,43,45,96_Triangle2.jpg,320,240
Triangle_2,195,108,125,114,97_Triangle2.jpg,320,240
Triangle_2,112,53,38,37,98_Triangle2.jpg,320,240
Triangle_2,156,65,61,62,99_Triangle2.jpg,320,240
Triangle_2,14,60,91,152,9_Triangle2.jpg,320,240
Triangle_3,81,143,51,52,100_Triangle3.jpg,320,240
Triangle_3,155,104,67,63,101_Triangle3.jpg,320,240
Triangle_3,46,117,60,58,102_Triangle3.jpg,320,240
Triangle_3,148,135,45,44,103_Triangle3.jpg,320,240
Triangle_3,239,69,66,62,104_Triangle3.jpg,320,240
Triangle_3,148,94,40,40,105_Triangle3.jpg,320,240
Triangle_3,91,105,89,90,106_Triangle3.jpg,320,240
Triangle_3,227,98,57,56,107_Triangle3.jpg,320,240
Triangle_3,67,45,124,114,108_Triangle3.jpg,320,240
Triangle_3,64,134,44,40,109_Triangle3.jpg,320,240
Triangle_3,141,52,38,40,10_Triangle3.jpg,320,240
Triangle_3,143,106,73,72,110_Triangle3.jpg,320,240
Triangle_3,140,123,38,39,111_Triangle3.jpg,320,240
Triangle_3,151,144,21,24,112_Triangle3.jpg,320,240
Triangle_3,14,128,115,109,113_Triangle3.jpg,320,240
Triangle_3,140,106,52,53,114_Triangle3.jpg,320,240
Triangle_3,260,109,49,46,115_Triangle3.jpg,320,240
Triangle_3,163,114,96,95,116_Triangle3.jpg,320,240
Triangle_3,138,94,42,42,117_Triangle3.jpg,320,240
Triangle_3,106,157,47,49,118_Triangle3.jpg,320,240
Triangle_3,78,124,46,45,119_Triangle3.jpg,320,240
Triangle_3,124,53,40,40,11_Triangle3.jpg,320,240
Triangle_3,57,125,53,51,120_Triangle3.jpg,320,240
Triangle_3,149,126,47,46,121_Triangle3.jpg,320,240
Triangle_3,57,125,52,52,122_Triangle3.jpg,320,240
Triangle_3,58,113,54,53,123_Triangle3.jpg,320,240
Triangle_3,9,104,70,64,124_Triangle3.jpg,320,240
Triangle_3,190,126,52,51,125_Triangle3.jpg,320,240
Triangle_3,3,125,64,65,126_Triangle3.jpg,320,240
Triangle_3,111,94,139,128,127_Triangle3.jpg,320,240
Triangle_3,41,35,74,64,128_Triangle3.jpg,320,240
Triangle_3,76,112,52,51,129_Triangle3.jpg,320,240
Triangle_3,111,53,41,42,12_Triangle3.jpg,320,240
Triangle_3,236,136,50,48,130_Triangle3.jpg,320,240
Triangle_3,101,143,46,45,131_Triangle3.jpg,320,240
Triangle_3,120,114,55,53,132_Triangle3.jpg,320,240
Triangle_3,153,120,100,96,133_Triangle3.jpg,320,240
Triangle_3,16,105,63,58,134_Triangle3.jpg,320,240
Triangle_3,183,96,52,50,135_Triangle3.jpg,320,240
Triangle_3,97,88,65,62,136_Triangle3.jpg,320,240
Triangle_3,155,104,67,63,137_Triangle3.jpg,320,240
Triangle_3,130,58,61,68,138_Triangle3.jpg,320,240
Triangle_3,143,102,54,54,139_Triangle3.jpg,320,240
Triangle_3,171,51,41,41,13_Triangle3.jpg,320,240
Triangle_3,100,58,42,46,140_Triangle3.jpg,320,240
Triangle_3,134,153,63,65,141_Triangle3.jpg,320,240
Triangle_3,61,56,48,71,142_Triangle3.jpg,320,240
Triangle_3,105,29,94,96,143_Triangle3.jpg,320,240
Triangle_3,96,54,66,66,144_Triangle3.jpg,320,240
Triangle_3,100,127,44,45,145_Triangle3.jpg,320,240
Triangle_3,127,43,88,89,146_Triangle3.jpg,320,240
Triangle_3,171,120,103,103,147_Triangle3.jpg,320,240
Triangle_3,25,117,98,91,148_Triangle3.jpg,320,240
Triangle_3,155,104,67,63,149_Triangle3.jpg,320,240
Triangle_3,148,53,35,38,14_Triangle3.jpg,320,240
Triangle_3,176,135,49,48,150_Triangle3.jpg,320,240
Triangle_3,118,72,87,92,151_Triangle3.jpg,320,240
Triangle_3,112,95,42,43,152_Triangle3.jpg,320,240
Triangle_3,96,44,114,113,153_Triangle3.jpg,320,240
Triangle_3,84,52,53,56,154_Triangle3.jpg,320,240
Triangle_3,261,94,48,46,155_Triangle3.jpg,320,240
Triangle_3,252,92,47,46,156_Triangle3.jpg,320,240
Triangle_3,86,109,83,80,157_Triangle3.jpg,320,240
Triangle_3,87,109,81,80,158_Triangle3.jpg,320,240
Triangle_3,135,77,83,84,159_Triangle3.jpg,320,240
Triangle_3,127,54,39,39,15_Triangle3.jpg,320,240
Triangle_3,94,44,129,126,160_Triangle3.jpg,320,240
Triangle_3,96,157,67,69,161_Triangle3.jpg,320,240
Triangle_3,103,121,57,57,162_Triangle3.jpg,320,240
Triangle_3,257,135,52,49,163_Triangle3.jpg,320,240
Triangle_3,116,143,72,70,164_Triangle3.jpg,320,240
Triangle_3,99,108,51,51,165_Triangle3.jpg,320,240
Triangle_3,86,155,66,66,166_Triangle3.jpg,320,240
Triangle_3,105,156,43,44,167_Triangle3.jpg,320,240
Triangle_3,126,156,42,43,168_Triangle3.jpg,320,240
Triangle_3,56,156,37,36,169_Triangle3.jpg,320,240
Triangle_3,129,53,36,37,16_Triangle3.jpg,320,240
Triangle_3,149,156,43,44,170_Triangle3.jpg,320,240
Triangle_3,139,101,41,35,171_Triangle3.jpg,320,240
Triangle_3,238,154,72,68,172_Triangle3.jpg,320,240
Triangle_3,60,118,113,108,173_Triangle3.jpg,320,240
Triangle_3,111,103,34,32,174_Triangle3.jpg,320,240
Triangle_3,53,108,76,107,175_Triangle3.jpg,320,240
Triangle_3,139,138,44,46,176_Triangle3.jpg,320,240
Triangle_3,74,157,35,34,177_Triangle3.jpg,320,240
Triangle_3,159,97,49,48,178_Triangle3.jpg,320,240
Triangle_3,53,109,75,106,179_Triangle3.jpg,320,240
Triangle_3,65,136,47,44,17_Triangle3.jpg,320,240
Triangle_3,134,110,94,95,180_Triangle3.jpg,320,240
Triangle_3,137,175,65,65,181_Triangle3.jpg,320,240
Triangle_3,134,110,93,96,182_Triangle3.jpg,320,240
Triangle_3,115,156,65,64,183_Triangle3.jpg,320,240
Triangle_3,150,157,67,69,184_Triangle3.jpg,320,240
Triangle_3,98,155,64,64,185_Triangle3.jpg,320,240
Triangle_3,108,96,57,57,186_Triangle3.jpg,320,240
Triangle_3,128,54,41,43,188_Triangle3.jpg,320,240
Triangle_3,138,138,48,48,189_Triangle3.jpg,320,240
Triangle_3,169,86,33,32,18_Triangle3.jpg,320,240
Triangle_3,184,52,36,32,190_Triangle3.jpg,320,240
Triangle_3,114,105,44,42,191_Triangle3.jpg,320,240
Triangle_3,140,51,49,52,192_Triangle3.jpg,320,240
Triangle_3,141,50,42,53,193_Triangle3.jpg,320,240
Triangle_3,159,52,48,48,194_Triangle3.jpg,320,240
Triangle_3,77,51,56,58,195_Triangle3.jpg,320,240
Triangle_3,152,51,54,55,196_Triangle3.jpg,320,240
Triangle_3,181,48,54,63,197_Triangle3.jpg,320,240
Triangle_3,199,43,83,92,198_Triangle3.jpg,320,240
Triangle_3,66,49,67,70,199_Triangle3.jpg,320,240
Triangle_3,113,113,52,50,19_Triangle3.jpg,320,240
Triangle_3,206,135,50,49,1_Triangle3.jpg,320,240
Triangle_3,133,50,53,66,200_Triangle3.jpg,320,240
Triangle_3,155,50,58,58,201_Triangle3.jpg,320,240
Triangle_3,244,136,52,49,202_Triangle3.jpg,320,240
Triangle_3,125,29,72,68,203_Triangle3.jpg,320,240
Triangle_3,216,6,86,82,204_Triangle3.jpg,320,240
Triangle_3,133,50,48,61,205_Triangle3.jpg,320,240
Triangle_3,118,49,61,61,206_Triangle3.jpg,320,240
Triangle_3,81,51,57,61,207_Triangle3.jpg,320,240
Triangle_3,153,52,46,47,208_Triangle3.jpg,320,240
Triangle_3,159,50,38,54,209_Triangle3.jpg,320,240
Triangle_3,99,53,34,39,20_Triangle3.jpg,320,240
Triangle_3,84,50,62,63,210_Triangle3.jpg,320,240
Triangle_3,123,50,59,61,211_Triangle3.jpg,320,240
Triangle_3,135,45,37,52,212_Triangle3.jpg,320,240
Triangle_3,120,48,34,33,213_Triangle3.jpg,320,240
Triangle_3,126,53,33,34,214_Triangle3.jpg,320,240
Triangle_3,175,54,32,34,21_Triangle3.jpg,320,240
Triangle_3,112,52,46,47,22_Triangle3.jpg,320,240
Triangle_3,78,52,38,38,23_Triangle3.jpg,320,240
Triangle_3,68,53,33,39,24_Triangle3.jpg,320,240
Triangle_3,124,50,48,55,25_Triangle3.jpg,320,240
Triangle_3,141,50,56,56,26_Triangle3.jpg,320,240
Triangle_3,69,50,63,62,27_Triangle3.jpg,320,240
Triangle_3,29,49,70,66,28_Triangle3.jpg,320,240
Triangle_3,15,49,73,76,29_Triangle3.jpg,320,240
Triangle_3,66,26,69,76,2_Triangle3.jpg,320,240
Triangle_3,206,136,55,54,30_Triangle3.jpg,320,240
Triangle_3,113,90,46,46,31_Triangle3.jpg,320,240
Triangle_3,103,94,136,124,32_Triangle3.jpg,320,240
Triangle_3,47,49,67,66,33_Triangle3.jpg,320,240
Triangle_3,62,49,53,58,34_Triangle3.jpg,320,240
Triangle_3,27,47,73,77,35_Triangle3.jpg,320,240
Triangle_3,76,43,90,91,36_Triangle3.jpg,320,240
Triangle_3,169,43,54,73,37_Triangle3.jpg,320,240
Triangle_3,191,39,40,53,38_Triangle3.jpg,320,240
Triangle_3,119,31,53,55,39_Triangle3.jpg,320,240
Triangle_3,159,118,47,46,3_Triangle3.jpg,320,240
Triangle_3,54,30,52,58,40_Triangle3.jpg,320,240
Triangle_3,121,24,87,89,41_Triangle3.jpg,320,240
Triangle_3,4,27,78,78,42_Triangle3.jpg,320,240
Triangle_3,18,159,82,79,43_Triangle3.jpg,320,240
Triangle_3,131,58,81,77,44_Triangle3.jpg,320,240
Triangle_3,182,122,52,52,45_Triangle3.jpg,320,240
Triangle_3,207,21,81,93,46_Triangle3.jpg,320,240
Triangle_3,169,35,30,33,47_Triangle3.jpg,320,240
Triangle_3,104,34,42,42,48_Triangle3.jpg,320,240
Triangle_3,98,31,48,51,49_Triangle3.jpg,320,240
Triangle_3,244,136,52,50,4_Triangle3.jpg,320,240
Triangle_3,152,30,54,61,50_Triangle3.jpg,320,240
Triangle_3,74,25,85,84,51_Triangle3.jpg,320,240
Triangle_3,3,138,57,46,52_Triangle3.jpg,320,240
Triangle_3,196,102,38,37,53_Triangle3.jpg,320,240
Triangle_3,160,128,43,44,54_Triangle3.jpg,320,240
Triangle_3,207,110,93,89,55_Triangle3.jpg,320,240
Triangle_3,105,34,99,99,56_Triangle3.jpg,320,240
Triangle_3,142,128,41,40,57_Triangle3.jpg,320,240
Triangle_3,177,109,89,88,58_Triangle3.jpg,320,240
Triangle_3,24,116,98,93,59_Triangle3.jpg,320,240
Triangle_3,134,126,42,41,5_Triangle3.jpg,320,240
Triangle_3,158,118,47,47,60_Triangle3.jpg,320,240
Triangle_3,196,111,89,86,61_Triangle3.jpg,320,240
Triangle_3,124,111,81,80,62_Triangle3.jpg,320,240
Triangle_3,114,39,50,50,63_Triangle3.jpg,320,240
Triangle_3,168,93,56,53,64_Triangle3.jpg,320,240
Triangle_3,155,101,61,60,65_Triangle3.jpg,320,240
Triangle_3,158,113,49,49,66_Triangle3.jpg,320,240
Triangle_3,159,91,56,55,67_Triangle3.jpg,320,240
Triangle_3,155,101,62,61,68_Triangle3.jpg,320,240
Triangle_3,209,4,77,80,69_Triangle3.jpg,320,240
Triangle_3,70,107,141,131,6_Triangle3.jpg,320,240
Triangle_3,148,134,45,46,70_Triangle3.jpg,320,240
Triangle_3,102,155,46,46,71_Triangle3.jpg,320,240
Triangle_3,119,131,48,49,72_Triangle3.jpg,320,240
Triangle_3,192,98,72,67,73_Triangle3.jpg,320,240
Triangle_3,83,109,81,79,74_Triangle3.jpg,320,240
Triangle_3,104,116,58,56,75_Triangle3.jpg,320,240
Triangle_3,191,98,72,68,76_Triangle3.jpg,320,240
Triangle_3,121,115,89,85,77_Triangle3.jpg,320,240
Triangle_3,93,111,52,52,78_Triangle3.jpg,320,240
Triangle_3,136,101,68,65,79_Triangle3.jpg,320,240
Triangle_3,38,49,52,50,7_Triangle3.jpg,320,240
Triangle_3,222,90,53,53,80_Triangle3.jpg,320,240
Triangle_3,119,125,51,50,81_Triangle3.jpg,320,240
Triangle_3,137,95,55,53,82_Triangle3.jpg,320,240
Triangle_3,113,158,47,49,83_Triangle3.jpg,320,240
Triangle_3,176,99,52,50,84_Triangle3.jpg,320,240
Triangle_3,160,119,119,112,85_Triangle3.jpg,320,240
Triangle_3,222,90,54,52,86_Triangle3.jpg,320,240
Triangle_3,162,125,82,83,87_Triangle3.jpg,320,240
Triangle_3,157,92,71,71,88_Triangle3.jpg,320,240
Triangle_3,84,107,80,78,89_Triangle3.jpg,320,240
Triangle_3,199,46,39,41,8_Triangle3.jpg,320,240
Triangle_3,90,112,52,51,90_Triangle3.jpg,320,240
Triangle_3,157,92,72,72,91_Triangle3.jpg,320,240
Triangle_3,122,109,77,76,92_Triangle3.jpg,320,240
Triangle_3,37,114,59,56,93_Triangle3.jpg,320,240
Triangle_3,135,99,89,88,94_Triangle3.jpg,320,240
Triangle_3,10,130,55,57,95_Triangle3.jpg,320,240
Triangle_3,80,113,56,54,96_Triangle3.jpg,320,240
Triangle_3,132,96,58,55,97_Triangle3.jpg,320,240
Triangle_3,113,116,87,86,98_Triangle3.jpg,320,240
Triangle_3,91,125,47,48,99_Triangle3.jpg,320,240
Triangle_3,118,52,32,42,9_Triangle3.jpg,320,240
Triangle_4,72,53,43,46,100_Triangle4.jpg,320,240
Triangle_4,47,52,57,59,101_Triangle4.jpg,320,240
Triangle_4,166,52,39,40,102_Triangle4.jpg,320,240
Triangle_4,173,173,30,31,103_Triangle4.jpg,320,240
Triangle_4,153,30,48,51,104_Triangle4.jpg,320,240
Triangle_4,134,54,38,36,105_Triangle4.jpg,320,240
Triangle_4,67,54,33,35,106_Triangle4.jpg,320,240
Triangle_4,68,55,33,36,107_Triangle4.jpg,320,240
Triangle_4,63,54,48,45,108_Triangle4.jpg,320,240
Triangle_4,110,55,32,35,109_Triangle4.jpg,320,240
Triangle_4,110,178,59,60,10_Triangle4.jpg,320,240
Triangle_4,132,48,59,58,110_Triangle4.jpg,320,240
Triangle_4,103,56,52,58,111_Triangle4.jpg,320,240
Triangle_4,61,55,62,64,112_Triangle4.jpg,320,240
Triangle_4,251,149,45,43,113_Triangle4.jpg,320,240
Triangle_4,152,77,48,49,114_Triangle4.jpg,320,240
Triangle_4,144,145,29,29,115_Triangle4.jpg,320,240
Triangle_4,72,81,59,58,116_Triangle4.jpg,320,240
Triangle_4,152,65,52,51,117_Triangle4.jpg,320,240
Triangle_4,216,146,42,42,118_Triangle4.jpg,320,240
Triangle_4,79,89,58,61,119_Triangle4.jpg,320,240
Triangle_4,129,98,52,51,11_Triangle4.jpg,320,240
Triangle_4,269,151,49,49,120_Triangle4.jpg,320,240
Triangle_4,213,80,56,54,121_Triangle4.jpg,320,240
Triangle_4,213,159,51,48,122_Triangle4.jpg,320,240
Triangle_4,142,8,41,56,123_Triangle4.jpg,320,240
Triangle_4,189,153,53,54,124_Triangle4.jpg,320,240
Triangle_4,128,27,38,54,125_Triangle4.jpg,320,240
Triangle_4,71,134,92,93,126_Triangle4.jpg,320,240
Triangle_4,138,57,49,50,127_Triangle4.jpg,320,240
Triangle_4,28,134,91,87,128_Triangle4.jpg,320,240
Triangle_4,166,39,101,100,129_Triangle4.jpg,320,240
Triangle_4,233,73,61,58,12_Triangle4.jpg,320,240
Triangle_4,87,131,89,89,130_Triangle4.jpg,320,240
Triangle_4,111,132,62,63,131_Triangle4.jpg,320,240
Triangle_4,113,99,60,60,133_Triangle4.jpg,320,240
Triangle_4,65,134,84,83,134_Triangle4.jpg,320,240
Triangle_4,145,95,128,126,135_Triangle4.jpg,320,240
Triangle_4,46,133,103,104,136_Triangle4.jpg,320,240
Triangle_4,44,19,64,63,137_Triangle4.jpg,320,240
Triangle_4,144,145,29,29,138_Triangle4.jpg,320,240
Triangle_4,81,96,59,60,139_Triangle4.jpg,320,240
Triangle_4,1008,1713,653,709,13_Triangle4.jpg,3024,4032
Triangle_4,217,69,103,126,140_Triangle4.jpg,320,240
Triangle_4,53,132,99,100,141_Triangle4.jpg,320,240
Triangle_4,224,101,51,53,142_Triangle4.jpg,320,240
Triangle_4,71,137,98,99,143_Triangle4.jpg,320,240
Triangle_4,55,84,62,67,144_Triangle4.jpg,320,240
Triangle_4,74,131,97,97,145_Triangle4.jpg,320,240
Triangle_4,204,80,56,54,146_Triangle4.jpg,320,240
Triangle_4,104,116,43,41,147_Triangle4.jpg,320,240
Triangle_4,60,87,54,64,148_Triangle4.jpg,320,240
Triangle_4,167,133,66,60,149_Triangle4.jpg,320,240
Triangle_4,211,72,57,57,14_Triangle4.jpg,320,240
Triangle_4,80,75,58,56,150_Triangle4.jpg,320,240
Triangle_4,219,52,42,45,151_Triangle4.jpg,320,240
Triangle_4,115,91,62,63,152_Triangle4.jpg,320,240
Triangle_4,177,124,31,30,153_Triangle4.jpg,320,240
Triangle_4,155,94,59,57,154_Triangle4.jpg,320,240
Triangle_4,5,105,27,24,155_Triangle4.jpg,320,240
Triangle_4,133,46,103,100,156_Triangle4.jpg,320,240
Triangle_4,274,114,26,24,157_Triangle4.jpg,320,240
Triangle_4,167,93,61,60,158_Triangle4.jpg,320,240
Triangle_4,156,91,63,61,159_Triangle4.jpg,320,240
Triangle_4,61,81,62,58,15_Triangle4.jpg,320,240
Triangle_4,244,144,35,34,160_Triangle4.jpg,320,240
Triangle_4,69,48,61,62,161_Triangle4.jpg,320,240
Triangle_4,116,72,124,121,162_Triangle4.jpg,320,240
Triangle_4,175,79,63,63,163_Triangle4.jpg,320,240
Triangle_4,235,74,53,55,164_Triangle4.jpg,320,240
Triangle_4,153,76,58,58,165_Triangle4.jpg,320,240
Triangle_4,167,90,63,60,166_Triangle4.jpg,320,240
Triangle_4,141,68,59,59,167_Triangle4.jpg,320,240
Triangle_4,69,91,53,61,168_Triangle4.jpg,320,240
Triangle_4,94,43,113,113,169_Triangle4.jpg,320,240
Triangle_4,127,82,57,57,16_Triangle4.jpg,320,240
Triangle_4,81,88,90,88,170_Triangle4.jpg,320,240
Triangle_4,171,111,111,102,171_Triangle4.jpg,320,240
Triangle_4,224,66,64,63,172_Triangle4.jpg,320,240
Triangle_4,101,145,38,38,173_Triangle4.jpg,320,240
Triangle_4,104,29,59,58,174_Triangle4.jpg,320,240
Triangle_4,185,73,101,97,175_Triangle4.jpg,320,240
Triangle_4,143,102,54,54,176_Triangle4.jpg,320,240
Triangle_4,129,68,59,58,177_Triangle4.jpg,320,240
Triangle_4,161,99,49,51,178_Triangle4.jpg,320,240
Triangle_4,181,59,48,46,179_Triangle4.jpg,320,240
Triangle_4,84,150,35,36,17_Triangle4.jpg,320,240
Triangle_4,134,85,67,64,180_Triangle4.jpg,320,240
Triangle_4,60,99,64,61,181_Triangle4.jpg,320,240
Triangle_4,117,83,69,68,182_Triangle4.jpg,320,240
Triangle_4,78,79,64,60,183_Triangle4.jpg,320,240
Triangle_4,201,80,64,62,184_Triangle4.jpg,320,240
Triangle_4,130,80,59,58,185_Triangle4.jpg,320,240
Triangle_4,112,145,28,29,186_Triangle4.jpg,320,240
Triangle_4,99,37,60,61,187_Triangle4.jpg,320,240
Triangle_4,189,73,101,97,188_Triangle4.jpg,320,240
Triangle_4,141,77,59,59,189_Triangle4.jpg,320,240
Triangle_4,169,86,56,55,18_Triangle4.jpg,320,240
Triangle_4,150,78,59,58,190_Triangle4.jpg,320,240
Triangle_4,131,78,60,59,191_Triangle4.jpg,320,240
Triangle_4,186,95,53,54,192_Triangle4.jpg,320,240
Triangle_4,155,95,56,58,193_Triangle4.jpg,320,240
Triangle_4,131,45,164,161,194_Triangle4.jpg,634,473
Triangle_4,219,80,56,55,195_Triangle4.jpg,320,240
Triangle_4,104,72,75,75,196_Triangle4.jpg,320,240
Triangle_4,69,60,136,148,197_Triangle4.jpg,320,240
Triangle_4,49,41,36,36,198_Triangle4.jpg,320,240
Triangle_4,196,143,28,27,199_Triangle4.jpg,320,240
Triangle_4,72,72,72,69,19_Triangle4.jpg,320,240
Triangle_4,117,148,34,34,1_Triangle4.jpg,320,240
Triangle_4,123,82,58,60,200_Triangle4.jpg,320,240
Triangle_4,160,79,114,111,201_Triangle4.jpg,320,240
Triangle_4,181,80,55,54,202_Triangle4.jpg,320,240
Triangle_4,184,93,57,57,203_Triangle4.jpg,320,240
Triangle_4,204,98,54,53,204_Triangle4.jpg,320,240
Triangle_4,158,26,54,55,205_Triangle4.jpg,320,240
Triangle_4,243,94,58,57,206_Triangle4.jpg,320,240
Triangle_4,81,72,63,61,207_Triangle4.jpg,320,240
Triangle_4,96,79,54,53,208_Triangle4.jpg,320,240
Triangle_4,161,63,60,60,209_Triangle4.jpg,320,240
Triangle_4,143,10,32,49,20_Triangle4.jpg,320,240
Triangle_4,167,72,54,56,210_Triangle4.jpg,320,240
Triangle_4,175,95,56,57,211_Triangle4.jpg,320,240
Triangle_4,207,150,38,38,212_Triangle4.jpg,320,240
Triangle_4,0,46,69,91,213_Triangle4.jpg,320,240
Triangle_4,186,74,100,96,214_Triangle4.jpg,320,240
Triangle_4,88,65,59,61,215_Triangle4.jpg,320,240
Triangle_4,102,34,114,118,216_Triangle4.jpg,320,240
Triangle_4,148,117,35,35,217_Triangle4.jpg,320,240
Triangle_4,76,118,37,36,218_Triangle4.jpg,320,240
Triangle_4,187,32,57,59,219_Triangle4.jpg,320,240
Triangle_4,96,22,58,60,21_Triangle4.jpg,320,240
Triangle_4,75,99,61,60,220_Triangle4.jpg,320,240
Triangle_4,116,73,58,57,221_Triangle4.jpg,320,240
Triangle_4,132,74,53,54,222_Triangle4.jpg,320,240
Triangle_4,109,49,53,54,223_Triangle4.jpg,320,240
Triangle_4,111,96,56,54,224_Triangle4.jpg,320,240
Triangle_4,162,134,89,94,225_Triangle4.jpg,320,240
Triangle_4,102,96,54,56,226_Triangle4.jpg,320,240
Triangle_4,93,33,48,52,227_Triangle4.jpg,320,240
Triangle_4,124,38,38,38,228_Triangle4.jpg,320,240
Triangle_4,216,31,73,71,229_Triangle4.jpg,320,240
Triangle_4,109,40,66,68,22_Triangle4.jpg,320,240
Triangle_4,123,82,54,54,230_Triangle4.jpg,320,240
Triangle_4,138,82,54,53,231_Triangle4.jpg,320,240
Triangle_4,107,86,54,53,232_Triangle4.jpg,320,240
Triangle_4,189,82,57,57,233_Triangle4.jpg,320,240
Triangle_4,143,32,56,59,234_Triangle4.jpg,320,240
Triangle_4,111,73,66,70,235_Triangle4.jpg,320,240
Triangle_4,128,140,53,54,236_Triangle4.jpg,320,240
Triangle_4,254,103,47,47,237_Triangle4.jpg,320,240
Triangle_4,124,99,51,56,23_Triangle4.jpg,320,240
Triangle_4,2485,970,623,609,24_Triangle4.jpg,4032,3024
Triangle_4,132,117,37,36,25_Triangle4.jpg,320,240
Triangle_4,156,82,55,55,26_Triangle4.jpg,320,240
Triangle_4,97,88,59,59,27_Triangle4.jpg,320,240
Triangle_4,173,110,28,28,28_Triangle4.jpg,320,240
Triangle_4,125,150,49,49,29_Triangle4.jpg,320,240
Triangle_4,86,51,99,95,2_Triangle4.jpg,320,240
Triangle_4,84,150,36,36,30_Triangle4.jpg,320,240
Triangle_4,109,94,66,66,31_Triangle4.jpg,320,240
Triangle_4,133,92,89,88,32_Triangle4.jpg,320,240
Triangle_4,115,117,97,84,33_Triangle4.jpg,320,240
Triangle_4,167,133,28,28,34_Triangle4.jpg,320,240
Triangle_4,121,152,62,64,35_Triangle4.jpg,320,240
Triangle_4,79,176,73,64,36_Triangle4.jpg,320,240
Triangle_4,75,158,68,72,37_Triangle4.jpg,320,240
Triangle_4,79,156,72,76,38_Triangle4.jpg,320,240
Triangle_4,63,157,68,74,39_Triangle4.jpg,320,240
Triangle_4,119,64,53,53,3_Triangle4.jpg,320,240
Triangle_4,80,153,64,67,40_Triangle4.jpg,320,240
Triangle_4,39,96,33,42,41_Triangle4.jpg,320,240
Triangle_4,110,94,47,50,42_Triangle4.jpg,320,240
Triangle_4,168,149,37,38,43_Triangle4.jpg,320,240
Triangle_4,237,81,62,60,44_Triangle4.jpg,320,240
Triangle_4,142,32,46,47,45_Triangle4.jpg,320,240
Triangle_4,147,31,48,55,46_Triangle4.jpg,320,240
Triangle_4,118,31,54,57,47_Triangle4.jpg,320,240
Triangle_4,156,29,58,58,48_Triangle4.jpg,320,240
Triangle_4,162,29,55,58,49_Triangle4.jpg,320,240
Triangle_4,13,150,37,34,4_Triangle4.jpg,320,240
Triangle_4,150,35,29,37,50_Triangle4.jpg,320,240
Triangle_4,73,24,84,90,51_Triangle4.jpg,320,240
Triangle_4,86,31,52,49,52_Triangle4.jpg,320,240
Triangle_4,10,31,65,59,53_Triangle4.jpg,320,240
Triangle_4,113,24,90,93,54_Triangle4.jpg,320,240
Triangle_4,168,149,37,38,55_Triangle4.jpg,320,240
Triangle_4,210,132,46,60,56_Triangle4.jpg,320,240
Triangle_4,103,25,79,81,57_Triangle4.jpg,320,240
Triangle_4,97,28,63,69,58_Triangle4.jpg,320,240
Triangle_4,92,27,77,75,59_Triangle4.jpg,320,240
Triangle_4,217,35,51,51,5_Triangle4.jpg,320,240
Triangle_4,103,28,61,69,60_Triangle4.jpg,320,240
Triangle_4,142,27,46,67,61_Triangle4.jpg,320,240
Triangle_4,138,24,88,88,62_Triangle4.jpg,320,240
Triangle_4,60,24,94,101,63_Triangle4.jpg,320,240
Triangle_4,111,24,66,103,64_Triangle4.jpg,320,240
Triangle_4,106,15,108,132,65_Triangle4.jpg,320,240
Triangle_4,86,31,44,43,66_Triangle4.jpg,320,240
Triangle_4,103,151,36,36,67_Triangle4.jpg,320,240
Triangle_4,98,65,80,79,68_Triangle4.jpg,320,240
Triangle_4,163,30,44,44,69_Triangle4.jpg,320,240
Triangle_4,93,18,158,161,6_Triangle4.jpg,320,240
Triangle_4,62,31,49,48,70_Triangle4.jpg,320,240
Triangle_4,139,34,43,43,71_Triangle4.jpg,320,240
Triangle_4,128,55,33,35,72_Triangle4.jpg,320,240
Triangle_4,145,51,63,66,73_Triangle4.jpg,320,240
Triangle_4,118,52,65,65,74_Triangle4.jpg,320,240
Triangle_4,24,53,68,74,75_Triangle4.jpg,320,240
Triangle_4,142,54,47,50,76_Triangle4.jpg,320,240
Triangle_4,173,46,49,49,77_Triangle4.jpg,320,240
Triangle_4,153,57,31,30,78_Triangle4.jpg,320,240
Triangle_4,126,149,40,41,79_Triangle4.jpg,320,240
Triangle_4,242,93,65,63,7_Triangle4.jpg,320,240
Triangle_4,136,85,55,55,80_Triangle4.jpg,320,240
Triangle_4,172,56,31,31,81_Triangle4.jpg,320,240
Triangle_4,34,56,43,39,82_Triangle4.jpg,320,240
Triangle_4,26,55,48,48,83_Triangle4.jpg,320,240
Triangle_4,219,53,47,46,84_Triangle4.jpg,320,240
Triangle_4,201,54,33,33,85_Triangle4.jpg,320,240
Triangle_4,169,54,50,49,86_Triangle4.jpg,320,240
Triangle_4,111,53,53,53,87_Triangle4.jpg,320,240
Triangle_4,150,54,49,54,88_Triangle4.jpg,320,240
Triangle_4,195,49,43,63,89_Triangle4.jpg,320,240
Triangle_4,189,31,56,57,8_Triangle4.jpg,320,240
Triangle_4,113,50,37,65,90_Triangle4.jpg,320,240
Triangle_4,173,173,31,31,91_Triangle4.jpg,320,240
Triangle_4,153,84,56,57,92_Triangle4.jpg,320,240
Triangle_4,106,52,40,40,93_Triangle4.jpg,320,240
Triangle_4,94,51,48,46,94_Triangle4.jpg,320,240
Triangle_4,94,51,48,46,95_Triangle4.jpg,320,240
Triangle_4,30,53,44,44,96_Triangle4.jpg,320,240
Triangle_4,30,54,45,43,97_Triangle4.jpg,320,240
Triangle_4,51,51,60,60,98_Triangle4.jpg,320,240
Triangle_4,37,51,57,50,99_Triangle4.jpg,320,240
Triangle_4,113,48,55,55,9_Triangle4.jpg,320,240
Triangle_5,86,124,70,67,100_Triangle5.jpg,320,240
Triangle_5,113,123,59,57,101_Triangle5.jpg,320,240
Triangle_5,172,30,52,51,102_Triangle5.jpg,320,240
Triangle_5,94,78,52,52,103_Triangle5.jpg,320,240
Triangle_5,96,143,83,84,104_Triangle5.jpg,320,240
Triangle_5,98,17,120,115,105_Triangle5.jpg,320,240
Triangle_5,120,79,57,56,106_Triangle5.jpg,320,240
Triangle_5,103,122,63,60,107_Triangle5.jpg,320,240
Triangle_5,155,124,56,52,108_Triangle5.jpg,320,240
Triangle_5,149,74,57,56,109_Triangle5.jpg,320,240
Triangle_5,144,52,64,70,10_Triangle5.jpg,320,240
Triangle_5,115,62,56,57,110_Triangle5.jpg,320,240
Triangle_5,95,73,58,56,111_Triangle5.jpg,320,240
Triangle_5,131,73,55,56,112_Triangle5.jpg,320,240
Triangle_5,90,74,57,55,113_Triangle5.jpg,320,240
Triangle_5,173,30,52,50,114_Triangle5.jpg,320,240
Triangle_5,143,96,57,55,115_Triangle5.jpg,320,240
Triangle_5,171,73,58,57,116_Triangle5.jpg,320,240
Triangle_5,86,71,59,57,117_Triangle5.jpg,320,240
Triangle_5,122,113,41,40,118_Triangle5.jpg,320,240
Triangle_5,159,155,38,38,119_Triangle5.jpg,320,240
Triangle_5,115,53,63,69,11_Triangle5.jpg,320,240
Triangle_5,55,124,63,62,120_Triangle5.jpg,320,240
Triangle_5,114,53,49,50,121_Triangle5.jpg,320,240
Triangle_5,146,51,58,62,122_Triangle5.jpg,320,240
Triangle_5,161,50,68,71,123_Triangle5.jpg,320,240
Triangle_5,120,46,118,116,124_Triangle5.jpg,320,240
Triangle_5,144,49,69,77,125_Triangle5.jpg,320,240
Triangle_5,61,106,62,58,126_Triangle5.jpg,320,240
Triangle_5,198,113,44,42,127_Triangle5.jpg,320,240
Triangle_5,138,50,71,80,128_Triangle5.jpg,320,240
Triangle_5,82,51,76,76,129_Triangle5.jpg,320,240
Triangle_5,146,52,54,65,12_Triangle5.jpg,320,240
Triangle_5,81,50,75,77,130_Triangle5.jpg,320,240
Triangle_5,134,50,49,66,131_Triangle5.jpg,320,240
Triangle_5,111,49,70,93,132_Triangle5.jpg,320,240
Triangle_5,124,51,69,71,133_Triangle5.jpg,320,240
Triangle_5,121,51,71,72,134_Triangle5.jpg,320,240
Triangle_5,126,52,48,59,135_Triangle5.jpg,320,240
Triangle_5,100,54,39,42,136_Triangle5.jpg,320,240
Triangle_5,148,52,49,50,137_Triangle5.jpg,320,240
Triangle_5,45,143,48,52,138_Triangle5.jpg,320,240
Triangle_5,58,26,51,49,139_Triangle5.jpg,320,240
Triangle_5,147,51,53,67,13_Triangle5.jpg,320,240
Triangle_5,197,52,48,50,140_Triangle5.jpg,320,240
Triangle_5,122,53,33,46,141_Triangle5.jpg,320,240
Triangle_5,118,51,60,61,142_Triangle5.jpg,320,240
Triangle_5,148,53,40,40,143_Triangle5.jpg,320,240
Triangle_5,157,54,41,43,144_Triangle5.jpg,320,240
Triangle_5,131,49,83,84,145_Triangle5.jpg,320,240
Triangle_5,98,49,54,63,146_Triangle5.jpg,320,240
Triangle_5,196,51,52,56,147_Triangle5.jpg,320,240
Triangle_5,144,49,61,58,148_Triangle5.jpg,320,240
Triangle_5,62,52,55,65,149_Triangle5.jpg,320,240
Triangle_5,136,51,58,68,14_Triangle5.jpg,320,240
Triangle_5,120,51,66,67,15_Triangle5.jpg,320,240
Triangle_5,206,144,48,49,16_Triangle5.jpg,320,240
Triangle_5,81,40,66,66,17_Triangle5.jpg,320,240
Triangle_5,115,51,58,65,18_Triangle5.jpg,320,240
Triangle_5,119,54,33,33,19_Triangle5.jpg,320,240
Triangle_5,178,145,32,31,1_Triangle5.jpg,320,240
Triangle_5,141,53,38,42,20_Triangle5.jpg,320,240
Triangle_5,42,53,59,60,21_Triangle5.jpg,320,240
Triangle_5,49,51,63,64,22_Triangle5.jpg,320,240
Triangle_5,50,50,80,77,23_Triangle5.jpg,320,240
Triangle_5,91,49,64,70,24_Triangle5.jpg,320,240
Triangle_5,44,48,97,108,25_Triangle5.jpg,320,240
Triangle_5,52,44,96,112,26_Triangle5.jpg,320,240
Triangle_5,61,49,96,93,27_Triangle5.jpg,320,240
Triangle_5,242,144,47,49,28_Triangle5.jpg,320,240
Triangle_5,125,83,58,58,29_Triangle5.jpg,320,240
Triangle_5,7,50,88,86,2_Triangle5.jpg,320,240
Triangle_5,109,52,62,69,30_Triangle5.jpg,320,240
Triangle_5,142,52,57,67,31_Triangle5.jpg,320,240
Triangle_5,77,52,60,59,32_Triangle5.jpg,320,240
Triangle_5,77,53,60,59,33_Triangle5.jpg,320,240
Triangle_5,81,53,59,59,34_Triangle5.jpg,320,240
Triangle_5,79,57,43,51,35_Triangle5.jpg,320,240
Triangle_5,83,50,65,65,36_Triangle5.jpg,320,240
Triangle_5,52,51,74,71,37_Triangle5.jpg,320,240
Triangle_5,57,50,69,74,38_Triangle5.jpg,320,240
Triangle_5,91,50,75,74,39_Triangle5.jpg,320,240
Triangle_5,242,143,46,50,40_Triangle5.jpg,320,240
Triangle_5,81,41,66,65,41_Triangle5.jpg,320,240
Triangle_5,91,49,72,74,42_Triangle5.jpg,320,240
Triangle_5,103,50,54,63,43_Triangle5.jpg,320,240
Triangle_5,102,51,54,63,44_Triangle5.jpg,320,240
Triangle_5,103,51,54,63,45_Triangle5.jpg,320,240
Triangle_5,102,51,54,62,46_Triangle5.jpg,320,240
Triangle_5,186,146,43,43,47_Triangle5.jpg,320,240
Triangle_5,139,81,48,49,48_Triangle5.jpg,320,240
Triangle_5,83,27,109,111,49_Triangle5.jpg,320,240
Triangle_5,204,144,37,37,4_Triangle5.jpg,320,240
Triangle_5,118,41,42,41,50_Triangle5.jpg,320,240
Triangle_5,119,141,41,40,51_Triangle5.jpg,320,240
Triangle_5,119,141,42,40,52_Triangle5.jpg,320,240
Triangle_5,120,140,41,41,53_Triangle5.jpg,320,240
Triangle_5,127,143,36,36,54_Triangle5.jpg,320,240
Triangle_5,149,78,53,52,55_Triangle5.jpg,320,240
Triangle_5,119,143,41,41,56_Triangle5.jpg,320,240
Triangle_5,163,104,53,53,57_Triangle5.jpg,320,240
Triangle_5,119,141,41,40,58_Triangle5.jpg,320,240
Triangle_5,113,79,59,58,59_Triangle5.jpg,320,240
Triangle_5,71,29,68,66,5_Triangle5.jpg,320,240
Triangle_5,120,141,41,40,60_Triangle5.jpg,320,240
Triangle_5,119,140,42,41,61_Triangle5.jpg,320,240
Triangle_5,119,142,41,41,62_Triangle5.jpg,320,240
Triangle_5,47,64,28,24,63_Triangle5.jpg,320,240
Triangle_5,120,141,41,40,64_Triangle5.jpg,320,240
Triangle_5,120,141,41,41,65_Triangle5.jpg,320,240
Triangle_5,99,114,55,53,66_Triangle5.jpg,320,240
Triangle_5,104,35,108,105,67_Triangle5.jpg,320,240
Triangle_5,123,137,46,46,68_Triangle5.jpg,320,240
Triangle_5,106,110,44,43,69_Triangle5.jpg,320,240
Triangle_5,143,46,108,116,6_Triangle5.jpg,320,240
Triangle_5,122,76,41,41,70_Triangle5.jpg,320,240
Triangle_5,53,76,63,59,71_Triangle5.jpg,320,240
Triangle_5,110,77,96,94,72_Triangle5.jpg,320,240
Triangle_5,246,132,38,32,73_Triangle5.jpg,320,240
Triangle_5,229,134,35,31,74_Triangle5.jpg,320,240
Triangle_5,194,132,36,34,75_Triangle5.jpg,320,240
Triangle_5,69,76,61,58,76_Triangle5.jpg,320,240
Triangle_5,247,136,30,27,77_Triangle5.jpg,320,240
Triangle_5,139,105,63,59,78_Triangle5.jpg,320,240
Triangle_5,165,79,52,51,79_Triangle5.jpg,320,240
Triangle_5,158,47,103,101,7_Triangle5.jpg,320,240
Triangle_5,178,134,35,34,80_Triangle5.jpg,320,240
Triangle_5,147,33,36,36,81_Triangle5.jpg,320,240
Triangle_5,121,138,32,31,82_Triangle5.jpg,320,240
Triangle_5,241,132,38,34,83_Triangle5.jpg,320,240
Triangle_5,158,118,35,33,84_Triangle5.jpg,320,240
Triangle_5,127,176,36,36,85_Triangle5.jpg,320,240
Triangle_5,149,1,45,45,86_Triangle5.jpg,320,240
Triangle_5,319,163,175,178,87_Triangle5.jpg,721,568
Triangle_5,134,1,49,51,88_Triangle5.jpg,320,240
Triangle_5,191,82,51,52,89_Triangle5.jpg,320,240
Triangle_5,137,51,56,72,8_Triangle5.jpg,320,240
Triangle_5,63,103,68,63,90_Triangle5.jpg,320,240
Triangle_5,93,78,54,53,91_Triangle5.jpg,320,240
Triangle_5,89,58,59,58,92_Triangle5.jpg,320,240
Triangle_5,154,74,84,82,93_Triangle5.jpg,320,240
Triangle_5,117,120,56,53,94_Triangle5.jpg,320,240
Triangle_5,113,123,64,61,95_Triangle5.jpg,320,240
Triangle_5,165,82,42,42,96_Triangle5.jpg,320,240
Triangle_5,118,61,59,58,97_Triangle5.jpg,320,240
Triangle_5,118,121,56,53,98_Triangle5.jpg,320,240
Triangle_5,78,122,67,64,99_Triangle5.jpg,320,240
Triangle_5,138,48,80,80,9_Triangle5.jpg,320,240
